tic_id,missing_values,extreme_variability,large_flux_range,negative_period,high_period_power,quality_flags
376851794,0,True,True,False,False,2
49430090,0,True,True,False,False,2
35010028,0,True,True,False,False,2
49418514,0,True,True,False,False,2
380165622,0,True,True,False,False,2
56760934,0,True,True,False,False,2
380165620,0,True,True,False,False,2
471011765,0,True,True,False,False,2
35021058,0,True,True,False,False,2
152827208,0,True,True,False,False,2
421192923,0,True,True,False,False,2
376865440,0,True,True,False,False,2
349457896,0,True,True,False,False,2
149968627,0,True,True,False,False,2
281929720,0,True,True,False,False,2
94894689,0,True,True,False,False,2
94941091,0,True,True,False,False,2
147683792,0,True,True,False,False,2
953230073,0,True,True,False,False,2
380642118,0,False,True,False,False,1
380668425,0,False,False,False,True,1
380642059,0,False,True,False,False,1
388917185,0,False,True,False,False,1
396949397,0,False,True,False,False,1
380576437,0,False,True,False,False,1
396972684,0,False,True,False,False,1
377171333,0,False,True,False,False,1
377229529,0,False,True,False,False,1
380542756,0,False,True,False,False,1
397051786,0,False,True,False,False,1
377227927,0,False,True,False,False,1
377169533,0,False,True,False,False,1
377169488,0,False,True,False,False,1
376851258,0,False,True,False,False,1
376788286,0,False,True,False,False,1
376787680,0,False,False,False,True,1
376787460,0,False,True,False,False,1
376787010,0,False,True,False,False,1
376786973,0,False,True,False,False,1
397027857,0,False,True,False,False,1
397559186,0,False,True,False,False,1
397051818,0,False,True,False,False,1
56772673,0,False,True,False,False,1
96195354,0,False,True,False,False,1
82054568,0,False,True,False,False,1
82054003,0,False,True,False,False,1
78311593,0,False,True,False,False,1
78273858,0,False,True,False,False,1
78272475,0,False,True,False,False,1
66671319,0,False,True,False,False,1
66603888,0,False,True,False,False,1
62964949,0,False,True,False,False,1
62940822,0,False,True,False,False,1
56812140,0,False,True,False,False,1
56763829,0,False,True,False,False,1
397053650,0,False,True,False,False,1
56762947,0,False,True,False,False,1
56759890,0,False,True,False,False,1
49504164,0,False,True,False,False,1
49464291,0,False,True,False,False,1
49462876,0,False,True,False,False,1
49417695,0,False,True,False,False,1
446671796,0,False,True,False,False,1
412130750,0,False,True,False,False,1
376784892,0,False,True,False,False,1
397479456,0,False,True,False,False,1
397057148,0,False,True,False,False,1
376786621,0,False,True,False,False,1
96244132,0,False,True,False,False,1
277226501,0,False,True,False,False,1
325254297,0,False,True,False,False,1
173107765,0,False,True,False,False,1
152824458,0,False,True,False,False,1
152821992,0,False,True,False,False,1
152821936,0,False,True,False,False,1
349456527,0,False,True,False,False,1
152802579,0,False,True,False,False,1
149968469,0,False,True,False,False,1
325314625,0,False,True,False,False,1
35062784,0,False,True,False,False,1
173164452,0,False,True,False,False,1
149952990,0,False,True,False,False,1
281885450,0,False,True,False,False,1
173146703,0,False,True,False,False,1
147677682,0,False,True,False,False,1
281907544,0,False,True,False,False,1
325253026,0,False,True,False,False,1
301628517,0,False,True,False,False,1
301628336,0,False,True,False,False,1
281906534,0,False,True,False,False,1
281886418,0,False,False,False,False,0
173165274,0,False,False,False,False,0
176942039,0,False,False,False,False,0
262933775,0,False,False,False,False,0
421193239,0,False,False,False,False,0
49503072,0,False,False,False,False,0
421193432,0,False,False,False,False,0
421193922,0,False,False,False,False,0
262933844,0,False,False,False,False,0
421193626,0,False,False,False,False,0
446673895,0,False,False,False,False,0
49464162,0,False,False,False,False,0
262934195,0,False,False,False,False,0
49453107,0,False,False,False,False,0
446673665,0,False,False,False,False,0
281884571,0,False,False,False,False,0
366697134,0,False,False,False,False,0
152829505,0,False,False,False,False,0
56810374,0,False,False,False,False,0
149951742,0,False,False,False,False,0
96195963,0,False,False,False,False,0
96195643,0,False,False,False,False,0
96195395,0,False,False,False,False,0
96194410,0,False,False,False,False,0
953345605,0,False,False,False,False,0
953310411,0,False,False,False,False,0
953309403,0,False,False,False,False,0
147683759,0,False,False,False,False,0
94942406,0,False,False,False,False,0
147697618,0,False,False,False,False,0
149951723,0,False,False,False,False,0
149951788,0,False,False,False,False,0
56811411,0,False,False,False,False,0
82051519,0,False,False,False,False,0
81988659,0,False,False,False,False,0
78290719,0,False,False,False,False,0
78289496,0,False,False,False,False,0
78289427,0,False,False,False,False,0
149969713,0,False,False,False,False,0
66671454,0,False,False,False,False,0
66629263,0,False,False,False,False,0
66628887,0,False,False,False,False,0
62941422,0,False,False,False,False,0
281907937,0,False,False,False,False,0
281907813,0,False,False,False,False,0
281929681,0,False,False,False,False,0
397559029,0,False,False,False,False,0
376812733,0,False,False,False,False,0
130609604,0,False,False,False,False,0
377170285,0,False,False,False,False,0
35028471,0,False,False,False,False,0
350475239,0,False,False,False,False,0
376886844,0,False,False,False,False,0
376886008,0,False,False,False,False,0
376876566,0,False,False,False,False,0
376852649,0,False,False,False,False,0
35062897,0,False,False,False,False,0
35062961,0,False,False,False,False,0
376850415,0,False,False,False,False,0
376813729,0,False,False,False,False,0
35088534,0,False,False,False,False,0
281910007,0,False,False,False,False,0
376787979,0,False,False,False,False,0
35091182,0,False,False,False,False,0
363574007,0,False,False,False,False,0
366659915,0,False,False,False,False,0
366660744,0,False,False,False,False,0
366681600,0,False,False,False,False,0
366683035,0,False,False,False,False,0
366740946,0,False,False,False,False,0
366723100,0,False,False,False,False,0
366722161,0,False,False,False,False,0
366721504,0,False,False,False,False,0
366711151,0,False,False,False,False,0
377172242,0,False,False,False,False,0
35020546,0,False,False,False,False,0
35019584,0,False,False,False,False,0
377231460,0,False,False,False,False,0
397433121,0,False,False,False,False,0
366698806,0,False,False,False,False,0
397057078,0,False,False,False,False,0
397056703,0,False,False,False,False,0
281930003,0,False,False,False,False,0
397025502,0,False,False,False,False,0
397013579,0,False,False,False,False,0
396956082,0,False,False,False,False,0
325274571,0,False,False,False,False,0
396947690,0,False,False,False,False,0
388925056,0,False,False,False,False,0
325314611,0,False,False,False,False,0
337749805,0,False,False,False,False,0
349446059,0,False,False,False,False,0
380574362,0,False,False,False,False,0
380546964,0,False,False,False,False,0
380545064,0,False,False,False,False,0
35010505,0,False,False,False,False,0
35010589,0,False,False,False,False,0
35016665,0,False,False,False,False,0
380154639,0,False,False,False,False,0
377262134,0,False,False,False,False,0
377261957,0,False,False,False,False,0
377249503,0,False,False,False,False,0
377249246,0,False,False,False,False,0
130587794,0,False,False,False,False,0
