flux_std,flux_range,relative_flux_range,coefficient_of_variation,flux_mad,flux_skew,flux_kurtosis,dominant_period,period_power,period_confidence,num_periods,flare_count,flare_frequency,largest_flare,flare_strength,dip_count,largest_dip_depth,tic_id
0.12989292233757604,3.80384915,3.6752333838116837,0.12550098220796108,0.0029191400000000423,10.302081299521683,179.10529494287914,16.270443344808317,0.1802377484001662,0.0009161589790909415,3727,57,0.004235713754923089,3.3008533,25.41211053379398,2,0.50299585,130587794
0.02198863212834825,1.04071104,1.0415601994377994,0.022006573568170092,0.00263559999999996,-16.886250037171582,476.62137590383344,13.5264555767236,0.01175830559723028,0.00018852356078495223,6815,23,0.0017091476554952814,0.3086194,14.035406941122124,23,0.7320916399999999,130609604
0.1291547086366607,15.0757159364,15.062942794233852,0.12904528023791645,0.0008757750000000231,97.46726887745561,10573.7825478465,0.09270753192791643,0.00046633014925698935,1.1584596298617271e-05,4184,3,0.0002244500972617088,14.076139,108.98664979841449,6,0.9995769364,147677682
0.035778988920492395,1.24957063,1.2509274351587492,0.03581783835851268,0.004435100000000025,-6.050197112921375,108.89943101966766,0.002314731709551005,0.06642989280123078,0.0022781969467568363,2692,25,0.00251281535832747,0.5514048,15.411413699401194,50,0.69816583,147683759
2.058259091090802,47.8671674,38.462581862686,1.6538676317349346,0.006022200000000089,13.392654328725211,198.8591887471629,150.74661962398903,0.04864146673430794,0.0007269404503803458,3461,30,0.0022293230289068887,47.369995,23.01459286881888,0,0.0,147683792
0.14055767270386627,3.8065703500000003,3.759109288511097,0.13880517222875083,0.0016050250000000377,15.164657731266017,253.85670553685577,403.6119066023474,0.026626236591821777,0.0004909362612010337,5165,33,0.001974629009095261,3.249791,23.1206944273104,2,0.55677935,147697618
0.012367784000445208,0.5300676,0.5283185483543111,0.012326974313228893,0.003952399999999967,-6.8108889559875,312.0553216730827,16.061571973939603,0.4454028609364772,0.0026778276463151566,5629,183,0.01359887047633202,0.050279399999999974,4.065352370173189,5,0.4797882,149951723
0.007393396905532478,0.60173143,0.6014465002111768,0.00738989600976079,0.0009110999999999425,-40.55683988844034,2684.290991873227,305.169870198484,0.08067227581058445,0.0011262846057260283,6699,24,0.001783458423125511,0.10418159999999999,14.091168285858007,8,0.49754982999999997,149951742
0.0072664454632004796,0.5353203,0.5350000103586644,0.00726209784699539,0.0008181000000000438,-38.979733709234985,2484.6244106776358,15.858003677019674,0.05548421305322938,0.0006385444377894284,7800,4,0.00029724307052091846,0.04845290000000002,6.668033255789291,8,0.48686739999999995,149951788
0.1146376116361605,8.4520230073,8.431791925661926,0.11436321071725603,0.0009670999999999985,42.30565177812283,2280.2546642142293,17.695684939504407,0.0018328655020011105,5.433098620852326e-05,8992,14,0.0007910945357970277,7.457948,65.05672870846445,12,0.9940750073,149952990
0.20102631390269077,13.9021444,13.562664322151104,0.19611740008840453,0.001955499999999999,47.63125516022083,2840.907957163263,110.72534613328688,0.06721268690576117,0.000594577846369379,5384,31,0.0018535127055306427,13.138195,65.35559820471913,1,0.7639494,149968469
1.5802667640228525,184.09809603739998,179.30773197541635,1.5391470931644184,0.001662199999999947,91.72443830012458,9504.051808352728,101.29584061750573,0.0010135190861615456,1.9907625957631507e-05,10781,9,0.00036643459142543056,183.09892,115.86582985134032,0,0.0,149968627
0.036923275126015176,0.56765945,0.5695887249430728,0.037048764359950775,0.02268475000000003,-0.8169112136690433,4.066786546907073,1.0361877575110123,0.48178957241252424,0.0030340669227158497,4293,0,0.0,0.0,0.0,8,0.49491465,149969713
0.10125781094153832,10.43183945811,10.455726508407244,0.10148967325428404,0.0013401499999999844,47.233718542508846,3897.5666556992874,67.43888609955292,0.003983450161934147,5.636489097778379e-05,10826,4,8.202940754260402e-05,9.432026,93.1486263854314,58,0.99981345811,152802579
0.11509503749100343,7.7152945854,7.698704604261088,0.11484755186618084,0.0021008000000000138,36.240464901820985,1797.84135072819,0.28233999582397173,0.002846219424686627,1.9613985257590916e-05,3838,2,0.00015036463423802722,6.7160683,58.35237075729673,9,0.9992262854,152821936
0.12911158108988188,7.38996449057,7.4639137163818,0.130403563138932,0.0008783900000000067,10.706919279452116,770.5430159841437,305.1682142648043,0.04121556100578669,0.0002907358924318002,3691,2,0.00014887598630340925,6.3902287,49.493845912640474,59,0.99973579057,152821992
0.4753773633895552,34.1996854471,33.97251211389193,0.4722196425286452,0.001256640000000031,54.57509485550848,3349.3834173557652,0.4630091948257319,0.0014738289087318404,1.8657640708563642e-05,3645,5,0.000374784498913125,33.20067,69.84066250708956,0,0.0,152824458
0.6502744407463978,46.7418720184,45.99361640609093,0.6398646843798129,0.001362049999999948,52.483600560778534,3151.53468436305,305.16823553601427,0.0043298443171519855,4.702035393602211e-05,3550,8,0.0005969258319653783,45.74302,70.34417644878562,0,0.0,152827208
0.08596945179934398,2.4129369868999997,2.4276397832464753,0.08649329114893588,0.0017285000000000217,-9.897448639212197,116.06488256317809,305.1682333012361,0.04228526981477043,0.0003096552232656251,3498,2,0.0001495774437214868,1.4134821999999998,16.44167981086028,36,0.9994547869,152829505
0.056865000791296666,5.031706978,4.980571954182251,0.05628710681166452,0.0011000799999999478,22.497705331160105,1600.527192774386,14.154080076989096,0.10548995557386308,0.0023487720851214852,8377,223,0.008670295489891136,4.056635,71.33799250066798,13,0.975071978,173107765
0.3279715347151053,41.995634415,41.0373441231675,0.3204876154436624,0.0020968300000000495,88.53004002630443,10160.406072596594,13.358068635326612,0.015091551984731482,0.0006400879008684466,7024,11,0.0004270352109942156,41.054874,125.17816229284225,0,0.0,173146703
0.10111347431521937,7.6279876945,7.52350867441595,0.09972854330368078,0.001631000000000049,25.980924531820918,1291.1596118164691,14.154079941478901,0.06254908421743342,0.002201002297444233,9338,163,0.00503692716541516,6.632247,65.5921186065083,13,0.9957406945,173164452
0.03089204781003748,3.6032086465,3.604524403896792,0.0309033284336138,0.0011627999999999084,19.160785336646345,2555.9822027889845,5.326377477216803,0.0022031190581765386,7.902286943089669e-05,7487,7,0.00015201198723099307,2.6088927,84.45191837209043,16,0.9943159465,173165274
0.12820880446148078,1.816023455,1.79002139576018,0.1263730941794933,0.0023052999999999546,-3.6659180217858642,34.45777925551304,14.702586091895016,0.03880276234577521,0.0002573134841077261,4306,48,0.002888781896966779,0.8175821000000001,6.376957522021318,59,0.998441355,176942039
0.012895259488471192,0.8627707600000001,0.8617041178982479,0.012879317099923598,0.0024264000000000507,-3.968088224984911,435.76729591417956,121.47540090514633,0.07514044529731122,0.000970491046677087,7331,92,0.0068365906219811255,0.37660840000000007,29.20518197688856,18,0.48616236,262933775
0.012632068551758534,0.7440950999999999,0.7435418022203715,0.012622675538040527,0.0020169199999999776,-5.161971947200734,263.04752608104616,403.61180781625194,0.08008513543898231,0.0010344964614326007,8004,161,0.00964302827024437,0.27107039999999993,21.45890824525835,45,0.47302469999999996,262933844
0.09384773575972054,3.6161591499999997,3.5220485787150717,0.09140534767341514,0.003141999999999978,7.5884948850266625,112.80099843883286,16.484801792815997,0.23065317483897557,0.0014760204327564426,4618,109,0.006518748878655583,3.1195592999999997,33.2406453362609,1,0.49659984999999995,262934195
0.22980431697565512,22.0310620682,22.060444519941655,0.23011080307390397,0.0017329000000000372,72.00570004262963,6120.2245047952965,0.459337647089553,0.0010805831225980831,1.976067425687134e-05,3479,3,0.00022349698279073232,21.03165,91.51982119738872,29,0.9994120682,277226501
0.027997946806069974,3.0605581496,3.0596809869983685,0.027989922533809716,0.001286700000000085,30.78780739026408,2647.9708949034502,83.52462765599019,0.001662036244003858,7.143298471235032e-05,7575,10,0.00038356794906217636,2.0650032,73.7555226568366,12,0.9955549496,281884571
0.04791942728317067,5.262672325,5.264934048268503,0.047940021475057715,0.0011083999999999539,39.26755096041427,3863.897813558138,0.1552343755510628,0.0009036899008826616,3.592884265795593e-05,6948,10,0.00038813848781245146,4.268253,89.07145268614286,17,0.994419325,281885450
0.02173108985315875,2.5177138823,2.5186433278114384,0.021739112156274557,0.0014378700000000078,-6.079040801896223,2319.7801901758885,14.422658672175405,0.0009384100544327174,3.706085917674899e-05,10702,11,0.00033552952659834066,1.5207121,69.97863937224275,15,0.9970017823,281886418
0.05356428392522935,5.798895806999999,5.799502800689523,0.05356989071372988,0.001838284999999995,40.81893295561963,3960.4167444855866,176.76142046955317,0.0009860822124370709,4.184594784135208e-05,4912,12,0.0006925207756232687,4.803868,89.68416355020713,17,0.995027807,281906534
0.23902814393589003,12.64161206,12.492204731106742,0.23620314374238033,0.0031212250000000608,32.44892643893605,1223.2259261451181,361.94004149394175,0.027677270931227564,0.0007153252603370483,3318,7,0.0005029458255496479,11.828266,49.48482553239618,1,0.81334606,281907544
0.039454118773561905,1.8137932824,1.8136236655935571,0.03945042922321881,0.0005835000000000701,-20.28356877286106,489.6230937223471,690.9764359721823,0.0219094984858587,0.0008912364077766005,6655,3,0.00011564258731015342,0.8148664000000001,20.653519209914272,26,0.9989268824,281907813
0.0752712633390867,1.2624883849,1.2693404811761666,0.07567979457739109,0.0035439000000000442,-12.025632096420333,148.21506558003708,0.003472571535955491,0.0174527846775543,0.0006373096975749303,1143,1,0.0001490979573579842,0.2631756999999999,3.496363530055681,17,0.9993126849,281907937
0.05920855212621479,4.1175524922,4.10893729339688,0.05908466944387413,0.0019097000000000142,32.967476779702714,1460.0154629465096,143.41020803732232,0.018887044946295742,0.0008478382745507408,6426,11,0.00042052144659377626,3.1189795,52.677854600316444,11,0.9985729922,281910007
0.09068573862802211,2.6660649593,2.6784346385349473,0.0911064911284816,0.0016574999999999784,-3.2801799752898817,115.39280000124084,0.003474340070248707,0.006122306232574268,0.00022889706926570782,1784,8,0.0011933174224343676,1.6733606,18.452301600187084,28,0.9927043593,281929681
0.5619392638566589,69.36919278170001,66.99202205228633,0.5426825085711813,0.0029535000000000533,105.89332583929243,12648.444845727876,13.597031555511995,0.009878393145571334,0.0003274298914623109,4987,6,0.00034528399608678136,68.36991,121.66779294041285,0,0.0,281929720
0.02620224312946829,2.0389162,2.041799095662412,0.02623929140691265,0.0008741499999999625,-12.746152357496744,756.2462001520418,138.49362611535875,0.018777866327926433,0.0007521979178850486,6414,2,8.761938140716727e-05,1.073639,40.975079679057494,30,0.9652772000000001,281930003
0.06688472022377978,5.0300337,5.01773503695558,0.06672118401589064,0.0011566999999998995,41.97609112956745,2163.004253827944,143.41020721514167,0.00974779562207847,0.0005154694597533316,7969,13,0.00039705567942335297,4.0839777,61.05995040924172,8,0.946056,301628336
0.057907510162819545,6.011622654,6.006985617132596,0.05786284347713762,0.0018430750000000273,74.31736728166887,6166.674184837841,15.07220160568613,0.0012449684188809724,4.9923875449095605e-05,4386,3,0.00021294718909710392,5.0254154,86.78348258921775,6,0.986207254,301628517
0.11219750786248756,5.12635456993,5.212276783748123,0.11407803682881554,0.0032710999999999713,4.686045192111475,210.36169948032872,14.034726938030728,0.1141677074297144,0.002680521558888669,11055,30,0.0011613952227943168,4.1264925,36.77882493662467,291,0.99986206993,325253026
0.1794916532631512,16.19856067,16.035118264203398,0.17768059435320308,0.0022625999999998925,46.73778553323495,3479.19344016897,53.15203271714664,0.012008781836270776,0.0004230056770728589,4070,22,0.0012707948243992607,15.633517999999999,87.09885788995341,1,0.56504267,325254297
0.04016295248964144,3.2488204989,3.249533104002733,0.040171761940608224,0.001641900000000085,5.435483619403785,1078.9972612024242,143.4102028598818,0.0025538535370908154,0.00010959968032335742,4949,10,0.0005770673437590167,2.249174,56.00121157875761,11,0.9996464989,325274571
0.05511898619392605,4.384961409,4.338144649159319,0.054530499295499434,0.0013379500000000322,10.744395349180834,581.0563448640455,14.154079411029919,0.12462896669076622,0.00224102256938908,10594,254,0.00972211589986986,3.392518,61.54899126888958,10,0.992443409,325314611
0.18390167063524435,29.551701184,29.53361766109843,0.18378913599462035,0.0015072000000000418,145.4115052873099,22443.63140431747,12.992719064526963,0.00033223821378389955,1.3314990371816e-05,6820,4,0.00015307489189085761,28.610909,155.577210914781,4,0.940792184,325314625
0.03093391589989384,4.240583788,4.240596783321378,0.030934010697261056,0.0019568000000000363,40.23290342581856,5374.281323071687,0.01392574397985744,0.00043960002295620774,1.654770765155116e-05,9255,11,0.0004168245547555892,3.2537794,105.18485310846683,10,0.986804388,337749805
0.04263354562349977,3.325540019,3.321211571472663,0.04257805476665206,0.0006739999999999524,45.77506323021458,2584.7677428036195,110.72476143128345,0.005346375210559878,6.368457286254659e-05,8347,2,0.00014971180477580656,2.3273344,54.58927626036255,5,0.998205619,349446059
0.21022958042729764,19.576947383426,19.434562121664722,0.20870055788599753,0.001491249999999944,70.1222208417595,5592.759562264316,403.609646207541,0.004012339668389353,6.556669674499722e-05,6076,3,0.00022461814914645105,18.577063,88.3655999419377,3,0.999884383426,349456527
0.5598730776871627,60.6609481164,60.39408078400738,0.5574100130737623,0.00205656999999998,84.56587454403557,8267.829144875133,0.39364162511307815,0.0007874435121384047,1.1819557186413615e-05,4897,4,0.0002404713237946375,59.663548,106.56620290882765,0,0.0,349457896
1.1218988284586646,83.232617405,79.64513009834693,1.0735428121284292,0.00332532499999999,59.381950355861235,3904.2902124742263,305.1681334023049,0.008494685595589559,0.00011260663441381547,3605,14,0.0010513667768098527,82.23934,73.30370432152567,0,0.0,35010028
0.011971911222480666,0.5214702,0.5211144920858825,0.011963744881299618,0.0005622000000000682,-35.145007939855724,1399.2279234412435,0.0034734104625469614,0.02780277306332259,0.0010933869582769166,2113,0,0.0,0.0,0.0,2,0.48898909999999995,35010505
0.011360592617174531,0.5007993,0.5008838534180416,0.011362510704793187,0.0006014999999999215,-41.01900834754764,1708.674342228215,0.0034726103428837887,0.004063976983868123,0.0001620679771209291,2501,0,0.0,0.0,0.0,2,0.48776949999999997,35010589
0.009497042588172199,0.5711170000000001,0.5713197769859504,0.009500414544656548,0.0016821199999999537,-39.506320894691214,2003.5367553044339,0.00173629442906676,0.02356726123423873,0.0008908631202750583,3089,7,0.0010441527446300716,0.07564750000000009,7.965374409736032,11,0.4954695,35016665
0.08583856900322019,1.325809,1.3025405547366626,0.08433206991901226,0.0009304000000001089,5.90296929065163,39.895207215514866,0.003473411615514352,0.12244000088394286,0.00438046244676719,755,17,0.004828173814257313,0.8083134999999999,9.416670261239751,2,0.5174955,35019584
0.10333220104156211,1.7778746399999998,1.7493553581623527,0.10167462626204406,0.0010615199999999825,8.617596119714667,82.48487544811164,0.0017364940357060162,0.08929996265452528,0.003210364059960263,1648,27,0.004027446300715991,1.2558981999999999,12.153986727669281,2,0.52197644,35020546
1.6300169515136647,138.62090675353,132.7303761047544,1.560751318819551,0.0013848999999999667,56.55421534837898,3996.0525918752473,305.1681435324188,0.006370191316830943,6.624470914796387e-05,4766,5,0.0003022609116189094,137.62115,84.42927533496041,0,0.0,35021058
0.020265829516138072,0.86249265,0.8602097314626505,0.02021218820351105,0.001299799999999962,3.2356028010958666,198.84562187166742,0.0017364721748172193,0.0800180599598218,0.0029112604959861173,1622,35,0.005220763723150358,0.36085429999999996,17.806046365516135,2,0.50163835,35028471
0.02892380665071655,2.7554330875,2.757140183123505,0.028941726049294045,0.0014728299999999805,-15.527328178584197,1237.1415875130467,6.649816977223439,0.0015346516348657665,6.57770270037274e-05,9667,5,0.00015222090297439646,1.7581701,60.78626237658257,19,0.9972629875,350475239
0.1933913367756189,19.122085517800002,18.96552293872902,0.1918079401096333,0.0014469000000000287,63.65801001931343,5843.22620162224,403.6094561018782,0.007063583060373865,0.00012121991117920887,4436,22,0.001660001509092281,18.122793,93.71046967334871,24,0.9992925178,35062784
0.011253290925893588,0.4891706400000001,0.48931670895757823,0.011256651218479564,0.0005132000000001025,-41.624772340576406,1742.3846560105806,0.003474211438907847,0.002666695752870657,0.00010655887503638677,3129,0,0.0,0.0,0.0,2,0.48575544000000004,35062897
0.01794724345602106,0.53037993,0.5319057540075259,0.017998875000476578,0.0018629000000000007,-14.230977639070737,325.5795581715688,0.003470833288966086,0.0682205840452324,0.002559866872901386,1188,0,0.0,0.0,0.0,28,0.49173373,35062961
0.013059451884122027,0.5842310000000001,0.5838542811713302,0.013051031000230456,0.001159799999999933,-25.251186011211185,951.449906326631,0.003473322069014384,0.03091976790888754,0.0012070174535709116,1464,11,0.0031241124680488497,0.11222390000000004,8.593308585672295,2,0.4720071,35088534
0.2181189426751489,2.7165831000000003,2.5822645791823424,0.20733428685422536,0.001229900000000006,5.514608236607875,33.68170678976425,0.0034734109229759614,0.15257916462848112,0.005407425088878212,990,9,0.0025560920193126954,2.2027445,10.098822564350193,0,0.0,35091182
0.04510087260935375,2.43943513144,2.443548661709254,0.0451769245618149,0.000765140000000053,-10.590593026606738,383.50418691580535,0.0034743444466348154,0.0035735038684866975,0.00014092725450022192,3649,7,0.000526711813393529,1.4402144,31.933182589937406,16,0.99922073144,363574007
0.0032956935602317136,1.0230919420719147,1.0231312808318842,0.003295820282467094,0.0013158917427064099,-69.19873171364387,12891.44129630553,4.011989682624898,0.08160688956198553,1.8032664130087354e-06,64088,15,5.939112221505129e-05,0.3295966386795044,100.00827827461335,9,0.6934953033924103,366659915
0.01606808186637512,1.97733606,1.977877000953223,0.01607247762069179,0.0010175499999999227,-11.65867063785902,2252.8708055191482,170.70144626254566,0.0027204174531172006,0.00011356082180473015,6884,2,8.71763577717723e-05,1.0298672,64.09397266982764,11,0.94746886,366660744
0.03382902719949966,4.2250888515,4.225627109732112,0.0338333368727431,0.0019935299999999656,27.408048080582986,3649.5362270037162,4.172917673753695,0.0008934414451992132,3.8420868054463245e-05,7806,4,0.0001517565824417634,3.2271146999999996,95.39484186077127,9,0.9979741515,366681600
0.004479423508180628,0.056832000000000105,0.056826024672214114,0.004478952540701855,0.002626840000000019,0.24835937532910654,2.601646127624358,0.0011576114630396585,0.011096994782445767,0.00044266066411485615,4060,75,0.0070165590794274485,0.033363800000000055,7.4482352336341515,54,0.02346820000000005,366683035
0.016452317585561493,1.523682179,1.5240678887858672,0.016456482377918066,0.0009550500000000128,-39.45271217064124,2367.0905029987725,138.49362613924262,0.0038167518574560287,0.00015283968982415428,7527,5,0.0002175047851052723,0.5419189,32.938757544747766,8,0.981763279,366697134
0.02672547840454685,2.2799803489999997,2.2800840569642644,0.026726694048778414,0.001835759999999964,-5.883370801793578,1114.5341806722881,349.53153256180315,0.002251020960975453,7.356288574612659e-05,4203,7,0.0004966300106420716,1.2804433999999998,47.91096273816957,8,0.999536949,366698806
0.013411704366174929,0.8099463199999999,0.8086960578936924,0.013391001579661834,0.0020234000000000085,-3.7404037618631296,446.52644215898124,17.163187070210856,0.04909945001100771,0.0005343804976059163,5763,60,0.004458646057813777,0.2690836999999999,20.06334859860497,17,0.54086262,366711151
0.014547335587627861,0.7711805,0.7723528973805476,0.014569451367444496,0.002612399999999959,-3.2492872430251842,227.41354582668225,16.355508818712146,0.07878660829216537,0.0008216036187703104,5800,23,0.0017091476554952814,0.3041902000000001,20.910372086191927,75,0.46699029999999997,366721504
0.012238963104015402,0.49785753999999993,0.4982733539972167,0.012249185169086605,0.0007807499999999967,-33.3313584859695,1272.526283513577,0.003470743487154836,0.014300873967933822,0.000563257366617261,1720,0,0.0,0.0,0.0,13,0.48879163999999997,366722161
0.07993142344039136,2.01165775,1.9912854173029837,0.07912194700173089,0.0015999700000000061,11.373113939375733,146.12792230781207,150.74655927385461,0.06335158644148936,0.0009053588357572747,3777,26,0.0019320799583859702,1.343994,16.81433836846756,2,0.66766375,366723100
0.10376092087364491,1.8251088000000002,1.84242031639521,0.10474511364225475,0.0084846999999999,-3.8222308183260068,18.373161490681117,305.16986073401034,0.23627193557564508,0.0014166182112710724,4387,1,5.9912527709544064e-05,0.9238919000000001,8.904044916149804,215,0.9012169,366740946
0.08013297632460704,13.05837650032,13.055645369900882,0.0801162166907269,0.0019294999999999174,130.36215390598827,19503.497578692302,0.23746116811914736,0.00028183959728603214,1.0667113996183896e-05,7905,2,7.578915457198075e-05,12.058568,150.48196826176147,8,0.99980850032,376784892
0.030727833643681073,5.53724839,5.536050980003546,0.030721188860463336,0.0015394750000000124,126.96637570569622,19361.475337169773,13.928201444460866,0.0008565349517274188,3.23394203938595e-05,10885,2,7.582650894752806e-05,4.616088,150.22497366810828,10,0.92116039,376786621
0.1786930560811491,13.750040823500001,13.61574375515326,0.1769477555490515,0.0022256000000000498,37.63731777006487,2111.8544356755588,349.5315317130495,0.03936323676536564,0.0011397351928488053,3542,21,0.0014903129657228018,12.754939,71.37904113189298,6,0.9951018235,376786973
0.254110843302924,32.47847769,32.37845078849191,0.25332823518508646,0.0017763999999999558,105.14092568952802,11894.12865330535,61.682035010817884,0.0008886605577623084,3.7435895711135955e-05,6195,5,0.00021741020958344204,31.529705,124.07855009325057,1,0.94877269,376787010
0.18186299158872307,21.80628777,21.76448945453545,0.18151439641406844,0.0019506699999999877,110.28212859626537,12631.94577763581,349.53153167689686,0.0023359242632483355,9.354553980168852e-05,4256,3,0.00021294718909710392,20.99804,115.4607642630577,1,0.80824777,376787460
0.04639507047527475,1.9908976820000002,1.9973022509856553,0.04654431994808278,0.033655174999999926,-0.8568098587987472,53.919644937614066,0.20078677582460555,0.6307864934031892,0.008278834834699779,9934,94,0.00356330553449583,1.0041459000000001,21.643374817916012,6,0.986751782,376787680
0.022678644001177174,1.04878873,1.0533338269827313,0.022776925603061077,0.001058699999999968,-20.421412377845606,731.6375009674179,13.875542834021154,0.11360311383565762,0.002381174213479749,8431,1,4.34914974122559e-05,0.06427190000000005,2.834027466398075,181,0.98451683,376787979
0.49649966422481584,5.05756825,4.614952526066178,0.4530482370861378,0.0018895999999999358,6.276323191438903,40.570018686091586,0.003473411490706145,0.09980985107013113,0.003576230401248025,727,19,0.005396194262993468,4.5438585,9.15178564540284,0,0.0,376788286
0.01065914996790955,0.56373404,0.564088083286394,0.010665844260283318,0.0008122299999999694,-39.2370289772697,1927.8383854948538,0.0017367167051915522,0.009065597184168514,0.0003552732144392411,2866,0,0.0,0.0,0.0,25,0.54997814,376812733
0.017188863603188508,0.9985708567,0.9988676754876812,0.017193972882737458,0.00040839999999997545,-53.61091125800139,2936.9393764101164,170.7014454848938,0.00400656093359401,0.00015167290845286187,6074,0,0.0,0.0,0.0,4,0.9950793567,376813729
0.00945295490634407,0.6891174,0.6887068655953201,0.00944732340840926,0.0003249999999999087,1.5557353895876327,672.0843535278684,0.0006945144627699231,0.057569974485889776,0.0023171942183594393,7427,28,0.001203472878879051,0.2124218,22.471470783959774,2,0.4766956,376850415
0.3642213299646215,43.89719543,43.765627739987075,0.36312969395991834,0.003097850000000013,116.92178314400964,13795.973840834087,16.061623972787206,0.0003324011753126887,1.3337054373402241e-05,4602,3,0.00021285653469561516,43.013973,118.09844581089787,0,0.0,376851258
1.1940423225729133,67.532965753,63.96227457198978,1.130909357162244,0.0025108999999999826,51.29656412780969,2830.486542927092,0.0034733218825851665,0.007205585780801119,0.00028570563316102136,1271,3,0.00088261253309797,66.55422,55.73857705193353,0,0.0,376851794
0.010732510504075195,0.6235363,0.6230860216418992,0.010724760165870225,0.0006971999999999534,-24.179731710773105,1212.642024346959,0.0017362942305910842,0.04037724881707603,0.0015473993481794626,2411,19,0.0028160663998814286,0.12840600000000002,11.964209115028915,6,0.4951303,376852649
7.415214539301724,326.32073984100003,245.57735666392372,5.580426137011395,0.005051000000000028,30.800161268159048,1175.1973532025086,0.0034726103123774435,0.020023946444440107,0.0007369575588016358,415,3,0.0008952551477170994,325.33017,43.87333208981378,0,0.0,376865440
0.035923607477525855,0.843896753122065,0.8384976526632298,0.03569377466338435,0.0016075699678486655,4.829079761498148,61.859307181880226,0.003473321484852165,0.11109725283460713,0.00400145079580281,776,9,0.002565564424173318,0.3649867727002647,10.160081303878066,2,0.47890998042180033,376876566
0.0239820964173652,1.325726178,1.3252433312443586,0.023973361825229383,0.001322949999999934,-19.042070936757685,688.6788957524979,305.16982054942923,0.006747666950703054,5.031986144250726e-05,5853,7,0.0005206783695328771,0.3596102000000001,14.994944301016567,17,0.966115978,376886008
0.01307209254746597,0.5620116218994188,0.5623050940779597,0.013078918554844656,0.0009365499531724941,-24.63367194834053,810.9658122163955,0.0034516717786588127,0.008092873588231833,0.000315145020972773,1131,3,0.0008551881413911061,0.08709644564517771,6.662777617961509,13,0.47491517625424107,376886844
0.07954676773362515,6.7095750604,6.680915653684362,0.07920699015473681,0.0008436400000000344,39.67031874992145,2553.836905856918,17.695685169453373,0.009579578784624806,0.00025781694596371124,4559,23,0.0012954097437341593,5.710673,71.79013255602145,13,0.9989020604,377169488
0.43530453091038185,47.5432148107,47.41379903265343,0.43411960316034914,0.00506434999999994,81.86994715601874,7921.690703480701,9.507727366585014,0.0007591632895648475,1.7784124544030238e-05,3807,10,0.0005622399640166423,46.5489,106.9341040458484,0,0.0,377169533
0.019768145369792017,0.910415,0.9098438377028579,0.019755743531817416,0.002025399999999955,-21.876873775385313,652.6043385738892,16.061574972886277,0.012160891971809149,8.916187248006017e-05,7853,16,0.0011889722820836739,0.15595779999999992,7.8893491059773995,9,0.7544572,377170285
0.32303185183045535,30.038735511,29.439113628036548,0.31658361211740826,0.0019505600000000456,47.77211053464141,3808.3564391001605,14.337973070316103,0.011661132323369282,0.00025420149130628023,2717,34,0.0019117233623840316,29.042683,89.90656133576319,17,0.996052511,377171333
0.023146465338954005,1.22408117,1.223882011723763,0.023142699403940165,0.0036488000000000076,-13.676918159920952,496.18921459820257,19.27884056865925,0.012082024931642692,0.00011089897840357602,7780,12,0.0008917292115627554,0.40469489999999997,17.484090727188683,20,0.81938627,377172242
0.07504308407205773,5.680648898299999,5.683071989703387,0.07507509383980682,0.0009806999999999455,11.484243706129849,1046.4554203248572,367.4457132986696,0.014316454891690193,0.0003471586568129872,3108,17,0.0009560767110961138,4.682382,62.39591639789073,35,0.9982668983,377227927
0.25333508105706687,25.33053138,25.223517386124104,0.25226481536046186,0.001484299999999994,76.29216762399842,6556.640196161883,94.16950629123588,0.002619170138630324,0.00010850664980157372,5377,5,0.00034234851078397807,24.361588,96.16349973461533,2,0.96894338,377229529
0.01490145204314881,1.099214,1.0986204121330887,0.014893405092207344,0.0017203700000000266,7.030634738764676,593.1599574382427,305.16991958197707,0.01784646369954247,0.00019852400104206967,8712,25,0.0014942322634630327,0.6045445,40.569502773922586,26,0.4946695,377231460
0.03507800545967094,3.8770667100000002,3.872924078537852,0.035040524740375646,0.001733399999999996,20.10986798155803,2732.2142312520746,16.95903355615078,0.01045446373999476,0.0001987261788804553,12066,15,0.0008013676674858425,2.8840997,82.2196034867444,11,0.99296701,377249246
0.007587402721208549,0.53001054,0.5295723878382932,0.007581130323485971,0.000928299999999993,-35.70745807923825,2241.634051775052,305.1699495863263,0.08506713235564461,0.0009380950168763703,8257,61,0.004532956825444007,0.041522700000000023,5.472584166902655,12,0.48848784,377249503
0.06534196867610557,1.9093375,1.8671420370720553,0.06389794182547727,0.0015313999999999606,5.3281560895841205,62.80124145118427,16.061578328952276,0.31962354486099465,0.001612588795257499,5805,130,0.00966039979192985,1.4411019999999999,22.05476861499868,3,0.4682355,377261957
0.018308219105694655,0.9019233,0.900383595799,0.018276964516895512,0.0022415000000000074,-18.530884240373755,574.4778550781826,17.450444530829007,0.06012110510347996,0.0004140580978876309,7628,16,0.0011889722820836739,0.17153799999999997,9.369453086053802,23,0.7303853,377262134
0.028404303126611068,2.5241708615,2.5259344749302666,0.028424148934688295,0.001026699999999936,-12.923896409056393,1089.1503647595116,46.06509856492208,0.0019729409045063633,8.151304620460175e-05,6815,2,7.770913470878502e-05,1.5244846,53.67090307425145,15,0.9996862615,380154639
65.2254985722862,10497.528008430001,7464.83635605672,46.382126600979426,0.002103500000000036,160.91492265175543,25891.741286781267,349.53153187976505,0.0007862455131869841,3.1429197737890007e-05,12344,1,3.861451133335908e-05,10496.62,160.92816812074062,0,0.0,380165620
474.8049982911935,76379.59761603,19321.83833988579,120.11198940941782,0.0021474000000000215,160.85081004715545,25870.988738537402,349.53153187877604,0.000795778136800683,3.180972439168061e-05,16105,1,3.86458494357706e-05,76378.69,160.8632812941823,0,0.0,380165622
0.09932488967442997,12.39514123,12.342644028032929,0.09890421848586976,0.00549299999999997,97.89229689069968,10732.476984310768,13.597032453565667,0.008197922375951324,0.0003082582196433574,7369,6,0.00034572169403630077,11.469617,115.47575877099331,4,0.92552423,380542756
0.024905807782243675,3.080279544,3.0786943969210783,0.024892990968740134,0.0008498800000000251,28.36206405486553,3537.843290209907,15.54343766448965,0.005252155178887785,0.00022485753875954288,6908,6,0.00023346303501945524,2.1704254,87.14535256099508,15,0.909854144,380545064
0.02683945175788721,1.7823595079999999,1.779607735959292,0.02679801452112112,0.000737100000000046,-25.39122415922613,959.0851390686772,13.744558603094829,0.02836439491784119,0.000952639970900972,7284,6,0.0002329282969059358,0.7840043999999999,29.210894733332527,16,0.998355108,380546964
0.016196907751091585,1.0413126229999998,1.0417085778694295,0.016203066559073064,0.0005299000000000831,-47.076611657281276,2430.610758643574,96.21191450322863,0.0024329915275487467,0.00010605424718305259,6876,1,3.8324454834629976e-05,0.05480979999999991,3.383966917778242,12,0.986502823,380574362
0.12567471671930652,14.1250347209,14.140213456589933,0.1258097665330367,0.001108050000000027,85.65558277403885,8966.354935922094,0.003472572952019932,0.0007482867583552404,2.9834112393927796e-05,4994,6,0.00045095828635851183,13.128151,104.46135342657364,18,0.9968837209,380576437
0.054787072485737796,5.7885708272,5.797024369561832,0.05486708270794371,0.001427499999999915,15.772323443989139,2451.382019744544,143.92474850714325,0.006936799509358791,0.0002822497709423551,5449,7,0.0002684357863251141,4.788773,87.40698823151422,23,0.9997978272,380642059
0.32515582465311144,31.22804669132,31.122409464835986,0.3240558980444765,0.0014115599999999784,73.60256229229688,6009.106691480544,100.55016677665357,0.0010378717877060338,4.843513636615379e-05,3766,8,0.00024791595649074964,30.228182,92.9652176221926,40,0.99986469132,380642118
0.04272667983660667,1.9973145499999998,2.0099764761979477,0.042997544566838804,0.03045730000000002,1.7646511472457045,71.29106022919444,12.092524174844097,0.5516953343797123,0.008240945769740897,7177,1,5.846243788365975e-05,1.4070076999999999,32.93042439479528,5,0.5903068499999999,380668425
0.19324081911875532,7.70196747,7.341065317613166,0.18418585649776237,0.007704999999999962,19.511841489670232,597.4341167193915,16.0615788750282,0.1766561616858544,0.0009024987353953032,4462,19,0.0014119045849743629,7.19238,37.219775991427326,0,0.0,388917185
0.10453558739931153,2.9490382499999996,2.9238255606085155,0.10364186440488947,0.00151419999999991,15.414949560571932,279.34073965572406,171.39685806132556,0.043437245411918936,0.0006544804430860055,3542,20,0.0014862153526045924,2.4275613,23.222343322442438,3,0.52147695,388925056
0.033245598448265565,4.340645955,4.340500898571162,0.033244487441324314,0.002817899999999929,27.80239479864812,4297.578322154907,14.422658169001656,0.004696941549609402,0.000177874202441788,7825,12,0.00045778812039827565,3.353363,100.8663749945204,14,0.987282955,396947690
0.05461842781312701,5.93708966885,5.926517438087562,0.0545211682710063,0.0015071799999999969,46.529668390289935,3881.156255417466,14.82861044139169,0.0057106356458885696,0.0002146290709352946,5199,5,0.00019198279834126863,4.93797,90.40849760258399,15,0.99911966885,396949397
0.08743773076960608,4.3841670237,4.39366408212063,0.08762713989402977,0.0012742999999999505,10.86663014984224,516.0400511315629,6.908123563317035,0.0016430523153801346,6.428669514245234e-05,3686,9,0.0006753714542998649,3.3859152999999997,38.723732537406676,28,0.9982517237,396956082
0.2433745759348473,38.525776921,38.35711451645922,0.24230910381561044,0.001236599999999921,121.11538777485033,17777.08804080419,143.41020974351557,0.004299636765709395,0.000184698731814257,6505,15,0.0004634063455775588,37.52806,154.19876893815922,9,0.997716921,396972684
0.03494032347129759,1.3801641754,1.3702162055456832,0.0346884800378946,0.0011442000000000396,-4.206175048465125,149.91226581293333,14.034726941922868,0.15582145368464045,0.002626370769402933,6802,243,0.010802400533451878,0.38362570000000007,10.979454735590439,8,0.9965384754,397013579
0.024028003047484182,2.2973813402,2.2986033905242236,0.02404078430778295,0.0006855999999999529,-3.820974189054703,1303.2480202135607,6.740277474410121,0.0015652495541819118,6.394341506007303e-05,6489,5,0.00021738185296291465,1.2985644,54.043792046878586,20,0.9988169402,397025502
0.28834839136837764,26.704127462,26.70209545709901,0.2883264499907653,0.0017811500000000646,78.87908022245833,6554.047403586141,1.098600616357074,0.0008613628477358237,3.17509459880622e-05,3535,1,7.464914899970141e-05,25.744501,89.28262397382434,3,0.959626462,397027857
0.2728272001665129,23.384637100000003,23.21934231271493,0.2708987155026604,0.0011548999999999587,66.17749020216216,4803.722276256443,305.16981007638606,0.0031468729478207336,8.095749769231607e-05,4261,4,0.0002975083674228338,22.90161,83.94181366822151,0,0.0,397051786
0.1928304532343348,15.315001310000001,15.287759203777624,0.19248744917030713,0.0028932999999999875,64.32328550874249,4471.400199233032,1.002802144512237,0.001245734958555539,2.308606588904651e-05,3798,5,0.0003718301479883989,14.523839,75.31921828939585,2,0.79116231,397051818
0.31435141062773586,22.724060570000002,22.564545027790377,0.3121447655804663,0.002361240000000042,56.489348293063905,3373.060543798599,305.16982768621455,0.0025948240900613216,3.32430043199154e-05,6260,4,0.0002975083674228338,21.832989,69.45408311163987,0,0.0,397053650
0.008181605798423587,0.5683082000000002,0.5679099348704343,0.008175872204761968,0.0006332000000000004,-38.32302668944017,2505.277362814355,305.1698916676411,0.10684667362323705,0.0011485255689264204,5887,20,0.0014862153526045924,0.02733120000000011,3.340566714332072,6,0.540977,397056703
0.007140719256871902,0.55444605,0.5539842071632491,0.007134771175831312,0.0006409000000000553,-33.669006657545374,2329.5570505659484,110.72534311398539,0.14312183576289342,0.0016375313429940383,8337,157,0.0093893905866874,0.06375229999999998,8.927994184710132,9,0.49069375000000004,397057078
0.07076441632327436,8.011942517702874,7.99264994699045,0.07059401725927414,0.023426298828684855,77.9332907333414,7365.861604834372,0.05446685885299833,0.12478155293641825,0.001512833530334391,18909,2,6.044852807834129e-05,7.01775359911232,99.17065615369438,4,0.994188918590554,397057148
0.031213690946198115,4.620809934,4.622403731247428,0.031224457087940076,0.0006444000000001004,50.31828008813972,7491.854350347966,77.26486487719711,0.0022066762119743425,8.751847625118436e-05,4053,2,7.68314701701817e-05,3.641832,116.67418653812172,8,0.978977934,397433121
0.23154448412242068,24.575287033000002,24.42208783460128,0.23010106540207909,0.0012902999999999665,77.87194061515663,6965.556702755447,116.51051036303534,0.005684802106288614,0.00023306721165967684,3035,11,0.00042242703533026114,23.577452,101.82687827508033,4,0.997835033,397479456
0.04930606899531929,3.2428484147145484,3.242632621908913,0.04930278796160983,0.001272079961837369,15.259742007546334,897.7583134686942,0.17708588819931365,0.0019839528043133874,7.99136846069804e-05,1965,9,0.001360749924402782,2.2645489020635337,45.92840086843085,11,0.9782995126510147,397559029
0.24694474008072706,20.88802693306522,20.90173935124002,0.2471068525460597,0.001084449999999959,66.9964703288519,5393.088025393929,188.5967897919488,0.001987174904119103,7.352641155460736e-05,5529,7,0.0008967460927491673,19.888027,80.53634587842826,17,0.99999993306522,397559186
0.15690025395097684,12.30152558467,12.283701741264379,0.15667291909421652,0.000688909999999987,53.07204841075506,3526.918377502055,0.3794466166535001,0.0013788481317367537,1.9099712652872635e-05,9278,11,0.0006208375663167401,11.30191,72.03245192663141,21,0.99961558467,412130750
0.7920272617912584,82.2787582014,80.50621670813403,0.7749645202524715,0.0020064499999999375,78.87839154529159,6951.916468841721,349.53153118678597,0.01047638266244425,0.0004228213624391841,5650,7,0.00031075201988812925,81.28551,102.62968703395855,0,0.0,421192923
0.008715387892974389,0.5467831000000001,0.5468199685647641,0.008715975555327113,0.0007176500000000696,-50.10419361908996,2780.253900400879,0.0017221849487305883,0.0016907527160993604,6.693474823127493e-05,3530,7,0.0010441527446300716,0.04811450000000006,5.520637817943355,4,0.4986686,421193239
0.008769808362752938,0.53593347,0.5358633153790355,0.008768660379624323,0.0008884500000000406,-49.52861347895299,2732.4825189924213,0.0017364715601994366,0.011427810556854401,0.00044808626821354387,3390,11,0.0016408114558472554,0.04341879999999998,4.950940568371821,3,0.49251467000000004,421193432
0.005237877071146983,0.5123395000000001,0.5123931327351962,0.005238425382713721,0.0014444799999999702,-64.22539235881484,5736.826708799198,0.0006945140967938207,0.0047381797676296486,0.00018332628783321195,9353,7,0.0003084787590340208,0.025028800000000073,4.778424476181779,29,0.4873107,421193626
0.01168095107504974,0.5306811999999999,0.5306867317527908,0.011681072835786148,0.0008916000000001034,-38.500325199538686,1572.582722049532,0.0034734101041248707,0.006706908493658931,0.0002675551292265169,1954,1,0.00028401022436807724,0.0395878999999999,3.3890990336017075,3,0.49109329999999995,421193922
0.11475433069260907,8.09119862,8.06832202227087,0.11442988078299475,0.0020925000000000527,42.02186352730489,2030.2565027175235,349.53153117495106,0.010451634425962265,0.0003089398577471772,3691,6,0.0004250797024442083,7.226017000000001,62.96944922589665,7,0.86518162,446671796
0.11876949865070928,1.7870631,1.7503633147823252,0.11633040453540247,0.001218530000000051,7.2389566889933725,57.35955754833747,0.001736493778317403,0.11232853375505972,0.003967336514463375,1601,21,0.0031324582338902148,1.2862036,10.829410030454135,2,0.5008595,446673665
0.012076471484264677,0.5515877,0.5517355026029555,0.012079707477235318,0.0008535400000000415,-39.02237447536141,1606.672030256392,0.0034734997399066417,0.003162362458803261,0.00012613475463308223,2009,0,0.0,0.0,0.0,2,0.5232098000000001,446673895
0.848482298496683,62.386370131999996,55.631026184854925,0.7566066252160976,0.09921112999999998,25.228267349483396,1603.5213098116062,87.15960268264514,0.10736194622964233,0.0006878060203619158,6394,216,0.012354152367879203,61.41453,72.38162788877568,0,0.0,471011765
0.0597861573227866,6.91150786,6.910217184309269,0.05977499267659624,0.000550570000000028,86.21144008757724,8616.775014028788,30.0424540491374,0.000602716327449165,2.6986223738640664e-05,6354,3,0.00011651390399254311,6.1018305,102.06092468957489,15,0.80967736,49417695
1.1357546860566932,168.610987413,166.46912362154347,1.1213272049336311,0.0012665000000000592,132.02921350163518,18805.418288533274,63.87176963992298,0.0008051332234256541,3.606059695552313e-05,5644,5,0.00019422755700578798,167.62732,147.59113218541682,0,0.0,49418514
55.7637675496829,8369.833236181,6098.780711622985,40.63294695876294,0.0006488800000000183,150.06326287720142,22516.988592115667,349.5315322776207,0.0012425028871064735,4.96465182295506e-05,14587,1,4.440103010389841e-05,8368.839,150.07664237434741,0,0.0,49430090
0.01646977521142893,1.998191311,1.9984870268431736,0.016472212602401812,0.0011492700000000355,-16.624271032788318,2012.6759769584266,5.802499745948729,0.002669190923472676,0.00010727090568136467,7006,6,0.00026650084391933906,1.0203009,61.94989833813755,10,0.977890411,49453107
0.11965113623969424,13.56836700655,13.563240697009917,0.1196059304488359,0.00198889999999996,84.13862689462624,8691.492683393399,0.6092937804448095,0.0006326692866941694,2.4304270504724014e-05,3815,5,0.0003535817834665158,12.568921,105.04639901472379,13,0.99944600655,49462876
0.02007377757655355,1.339171979,1.3398963816828804,0.020084636150777047,0.0006416000000000199,-41.654064074730634,1877.9999613473237,349.53153221154696,0.014673475488268136,0.0006048165599288497,6136,3,0.00013318534961154273,0.35016350000000007,17.443826836509132,9,0.989008479,49464162
0.2540461605727042,24.480102664,24.383584768752005,0.25304453075722266,0.0022516999999999676,74.70488391330258,6288.0310874286415,349.5315319623809,0.005729910682073164,0.00024647505259493027,3815,6,0.00042459840067935747,23.565815,92.76194116405793,4,0.9142876639999999,49464291
0.06078124307937605,1.9129511,1.9198841394916306,0.06100153034057145,0.031972299999999954,1.4790988329186494,35.36207627695994,6.654725464727611,0.4032348074605756,0.005752555394767828,7594,10,0.0007093707881109456,1.4402911999999999,23.696310358757888,4,0.4726599,49503072
0.24457944980543206,24.015820198500002,24.40444431182047,0.24853723559127752,0.014580199999999932,65.40492844843851,5167.671979139541,1.1952714813277419,0.027974388172120775,0.0010346876284042018,7166,7,0.0002703851056433234,23.017115,94.10894913007036,4,0.9987051985,49504164
0.21222217710935137,19.55100829926,19.517354674490786,0.21185687392872643,0.0016940999999999207,80.75411075398222,7034.524481500215,0.14197252264057986,0.0007379527364768263,1.1439951571012401e-05,4617,3,0.00018207197912241307,18.551151,87.4138191054424,11,0.99985729926,56759890
0.5037883343193174,39.0514398521,38.92563931960871,0.5021654276874415,0.0020430999999999644,61.53801519975802,4148.677778629267,0.34696473341187223,0.0008486930695238637,1.3424432244501446e-05,4049,2,0.00014913131011855938,38.05243,75.53257470999942,0,0.0,56760934
0.2052639033355398,9.7938280239,9.518623253004552,0.19949602530534463,0.0027225500000000458,17.977387812077488,502.97709429265245,305.1681772504151,0.07498732053700514,0.0005709231242844216,3563,27,0.0020137231503579954,8.796961,42.85683384681537,9,0.9968670239,56762947
0.15087975676645618,15.6064112764,15.671969920240167,0.1515135650175242,0.0022592799999999746,66.72463940112947,6569.341880761924,305.1682070478709,0.0056911005530996634,7.782617408580229e-05,3699,4,0.0002976633427593392,14.612611,96.84938068013042,31,0.9938002764,56763829
0.3613505322611886,64.2109448704,64.03337322432654,0.3603512383097812,0.0026200000000000667,166.11590512414517,29042.352618418714,0.6890949159067981,0.0003804296322965907,1.3568471562474097e-05,10081,8,0.0002481543520069483,63.212720000000004,174.9346254022094,0,0.0,56772673
0.04768302694033558,1.328546975,1.3285513693020707,0.04768318465671893,0.0016566500000000373,-9.475980799731934,166.0057328557896,403.6117656713565,0.07857157138579456,0.0008621815558092035,4292,26,0.001943344046640257,0.36532870000000006,7.661608824815705,27,0.963218275,56810374
0.10882714667126872,1.83604624452,1.7967006982361122,0.10649503572957657,0.0021556000000000353,-1.9134703674145248,34.07148948684655,14.877406038400732,0.11942447182671115,0.000870258185437637,4536,153,0.009274413529732678,0.8363076,7.684733318665537,31,0.99973864452,56811411
0.2800591163706655,23.3975123537,23.29171002943357,0.27879270372832604,0.001652599999999893,69.97113183461627,5147.981333924794,305.1682397641276,0.0019756028933024814,3.0136418515009057e-05,5987,2,0.00014977907586310194,22.40445,79.99900267608903,1,0.9930623537,56812140
0.21095387982917807,26.994243626,26.92090793582348,0.21038077807507718,0.0013136000000000259,98.60764406919715,11100.764102260704,349.5315318796977,0.003702895251517537,0.00014952567455774334,5960,4,0.00017766722927955937,26.000084,123.25008680121844,5,0.994159626,62940822
0.017020030564536225,1.3267978562,1.327216766682445,0.017025404306422905,0.0010575499999999627,-30.725374159527963,1297.882115151104,349.5315323415077,0.01569834161562015,0.0006376110167363814,6262,7,0.00031108345924806685,0.3278844000000001,19.26461875357593,12,0.9989134562,62941422
0.38024991375446293,59.997649683,59.79492159108408,0.37896507443369076,0.0015202999999999744,146.1153459497128,22459.899205213398,349.5315312855274,0.001460734864278761,6.06421444841327e-05,6790,6,0.0002315529484408768,59.03053,155.24140273209244,0,0.0,62964949
0.14181496463040688,10.01808221597,9.658283900087115,0.13672169584492297,0.0022961500000000523,26.417543489159304,1433.3432643007943,16.061489388874996,0.18983144343588584,0.0017830074619589588,4603,19,0.001432556736786549,9.018852,63.595911923009055,7,0.99923021597,66603888
0.0166049514968499,0.74237874,0.7403786674096331,0.016560215425403105,0.0017831999999999848,1.9407578694167855,136.57530325411315,403.61183844128476,0.11279484047911494,0.0010439624817712495,7004,145,0.008714466013582547,0.2553778,15.379617341757806,16,0.48700094000000005,66628887
0.04026020902397163,1.120372304762,1.122099388784867,0.04032227121835741,0.0017941499999999388,-23.836900288922354,574.0732863057025,305.16826064520757,0.008233637390610733,5.324200542746651e-05,4228,1,7.472724555372888e-05,0.1204244000000001,2.991151882204519,8,0.999947904762,66629263
0.2143885239452734,11.34876282,11.054370117086153,0.20882717615441712,0.004317550000000059,36.12819983299672,1571.7800844252922,16.27035139597985,0.04525933785074217,0.00028301622450635516,3868,6,0.000449034575662326,10.36347,48.33966767104318,3,0.98529282,66671319
0.05255031644888571,1.2250873706,1.2279762187888479,0.05267423404867485,0.001636620000000033,-16.751068068566912,293.08227135022736,305.16829095062945,0.01610992487396637,0.00012738643795941367,3885,2,0.00014923145799134458,0.22638420000000004,4.307951222714289,15,0.9987031706,66671454
0.07486970268154981,10.224259686,10.170698973028918,0.07447749094410268,0.0012027599999999694,92.76876211719106,10935.08659470545,14.477637404745318,0.01712183514773109,0.00060231762142254,6818,4,0.00017761200657164425,9.257716,123.65103197186043,10,0.966543686,78272475
0.209489468118582,19.1997430577,19.15819937172883,0.2090361826422279,0.002243299999999948,74.89665686405327,6046.319557040873,349.53153161921887,0.0029339629926108256,0.00011124258802176667,3801,7,0.0004952246197382384,18.202717,86.89084546100575,6,0.9970260577,78273858
0.01213183777338491,0.52784383,0.5280055038501716,0.012135553646927432,0.0012919000000000125,-34.4609346646561,1347.547747597302,0.0034829535845728545,0.0026141934992573784,0.00010449443673324713,1740,2,0.0005680204487361545,0.038386699999999996,3.1641290229097505,9,0.48945713,78289427
0.01605453386481377,0.6361507,0.6353841462879569,0.01603518835041098,0.0009718999999999145,-10.486715411302999,440.430025484908,0.003472665779011819,0.06056169554904112,0.0023111207744422714,422,2,0.0011554015020219526,0.17168329999999998,10.69375800291985,3,0.4644674,78289496
0.01861479225353081,1.6947004805,1.6957139815249356,0.018625924669698146,0.0009828000000000614,-37.988431505892976,1958.958581983985,100.55016670843474,0.006018079455199909,0.00024794387202752537,7977,1,3.8644355991807394e-05,0.7027669000000001,37.75314225527824,8,0.9919335805,78290719
0.09390454821806547,9.185399929999999,9.171685811164496,0.09376434548946672,0.0017409499999999634,75.5483371829033,6201.714924880699,349.53153192677877,0.0049817619561535464,0.00022117521831961328,3874,4,0.00028328611898016995,8.324826,88.6519999081201,4,0.8605739299999999,78311593
0.009374258557861294,1.2807356184,1.2806996023138373,0.009373994940531469,0.0005508999999999098,-74.8764117294387,7056.192244485354,1.4526345117641215,0.0008569404321689802,3.16709223430429e-05,15908,21,0.0003680852555563346,0.28425279999999997,30.32269680268466,6,0.9964828184,81988659
0.015298574402417811,1.238832425,1.2389597225406555,0.015300146423667548,0.0006804999999999728,-40.78616582414768,2503.698019737627,349.531531845581,0.001120637402714341,4.67052663301796e-05,6695,9,0.0003995915286595924,0.2690599,17.587253094476395,9,0.969772525,82051519
0.038451195947703375,5.715677005,5.711001049009963,0.03841973928913809,0.0009155499999999872,86.41926819122124,10608.393526736212,349.5315321180158,0.011017575416586663,0.0004351678034112071,6419,15,0.0006664889362836577,4.7606497,123.81018542244706,9,0.955027305,82054003
0.12362646406209078,18.3728922637,18.35497481919327,0.12350590218878289,0.0017668499999999865,126.30592796008392,17427.81726799935,349.5315310596669,0.0014847060862558977,5.974197482966501e-05,6020,2,8.881783462119193e-05,17.380028,140.5850125364013,6,0.9928642637,82054568
0.8850351535740668,101.60400488272,98.08682585180344,0.8543982993736068,0.0035623000000000182,109.35317648898112,12404.163313034252,16.0614932066557,0.0042752529527669775,0.00010434990381691465,3992,1,7.440476190476191e-05,100.60447,113.6728519694677,0,0.0,94894689
1.7171440334478016,199.26262552760602,196.92690123657502,1.6970159486175265,0.0022649999999999615,114.57083807326335,13222.099698947359,305.16837379502795,0.00029600205740667774,1.0213360029219733e-05,4562,2,0.000148864905098623,198.26265,115.4606987754629,0,0.0,94941091
0.06502192142433694,1.0660107,1.0856880084273957,0.06622214990460318,0.005240149999999999,-7.11099362039567,64.73773165492454,16.020450103900128,0.20111874580412265,0.001757213622736472,5855,1,7.505253677574302e-05,0.19194069999999996,2.9519382970457535,69,0.87407,94942406
0.8427310642939945,61.31320487,60.34518539305381,0.8294259355571449,0.001344259999999986,61.071532522382604,3867.567580660382,305.1683410521723,0.002400703526596629,3.6627634378098893e-05,4928,3,0.0002247696111485727,60.494698,71.78410831536154,0,0.0,953230073
0.155871540035559,2.22290963,2.1569646169555976,0.15124744259040282,0.0007470999999998895,6.29671518997767,43.32483923600649,0.00347341025925415,0.10585694868474145,0.0037968999780320814,927,21,0.005964214711729622,1.5784820000000002,10.126813398006465,2,0.64442763,953309403
0.1928148712221698,2.38959212,2.3040207262434644,0.185910162619654,0.0016929999999999445,6.2141912064013445,40.12559951767579,0.003473410942457647,0.10340000920111132,0.0037046604812774804,832,11,0.0031241124680488497,1.8857548,9.780131522257689,0,0.0,953310411
0.011489479735683107,0.89651502,0.896099122048634,0.011484149706650985,0.0024237000000000286,-35.28176078526448,2244.570764521071,15.427822206630845,0.03193744836553087,0.0006483677582177126,8012,25,0.0018577691907557404,0.17999110000000007,15.665731098423727,29,0.71652392,953345605
0.011285065365374798,0.52158125,0.5217033508079703,0.011287707169694084,0.0008825000000000083,-38.61794599457705,1580.1122781869626,0.0034733218685030166,0.003401601101731753,0.00013558488918010008,1967,1,0.00028401022436807724,0.03906239999999994,3.46142434583077,3,0.48251885000000005,96194410
0.3890365263479424,31.907309716,31.740818508185644,0.3870065475834497,0.0011087750000000063,75.50808452852932,5936.804977563414,0.0017362946767383357,0.003455007807309934,0.0001379183044679076,1832,2,0.00029437739181630853,30.980295,79.63338376174008,0,0.0,96195354
0.042111274938854644,1.356849489,1.3590144177247776,0.04217846581705538,0.0006559999999999899,-18.149592879352667,390.9046778772478,0.0034726115298713343,0.01177172640850656,0.0004594304038553239,971,3,0.000877963125548727,0.37678180000000006,8.947290257706168,5,0.980067689,96195395
0.011702941827212838,0.5119053,0.5117656142688889,0.011699748396737934,0.0014505000000000212,-31.180284781476267,1192.4881986103014,0.003473322526928948,0.017782985997097014,0.000701949282663479,1660,6,0.0017040613462084636,0.059001300000000034,5.041578508303304,5,0.452904,96195643
0.011263899337181757,0.4961682999999999,0.49621245961115706,0.011264901838580664,0.0009344000000000019,-40.31632373709729,1672.013920037302,0.003473410817809559,0.005522844108159113,0.00022009964894176978,2484,0,0.0,0.0,0.0,2,0.4849861,96195963
0.4681731426438266,14.9439163985,14.541352946409589,0.4555613619396978,0.0014336999999999822,16.357761203738704,304.130010509105,305.1681798657693,0.025232249403400332,0.00014643868524953537,3686,17,0.0012674271229404308,13.945465,29.786982058065924,0,0.0,96244132
