flux_std,flux_range,flux_mad,flux_skew,flux_kurtosis,dominant_period,period_power,num_periods,flare_count,largest_flare,dip_count,largest_dip_depth,tic_id,classification
0.129892922337576,3.80384915,0.00291914,10.302081299521683,179.10529494287914,16.270443344808317,0.1802377484001662,3727,57,3.3008533,2,0.50299585,130587794,flare_variable
0.0219886321283482,1.04071104,0.0026355999999999,-16.886250037171582,476.62137590383344,13.5264555767236,0.0117583055972302,6815,23,0.3086194,23,0.7320916399999999,130609604,flare_variable
0.1291547086366607,15.0757159364,0.000875775,97.4672688774556,10573.7825478465,0.0927075319279164,0.0004663301492569,4184,3,14.076139,6,0.9995769364,147677682,quiet_star
0.0357789889204923,1.24957063,0.0044351,-6.050197112921375,108.89943101966766,0.002314731709551,0.0664298928012307,2692,25,0.5514048,50,0.69816583,147683759,flare_variable
2.058259091090802,47.8671674,0.0060222,13.392654328725213,198.8591887471629,150.74661962398903,0.0486414667343079,3461,30,47.369995,0,0.0,147683792,flare_variable
0.1405576727038662,3.80657035,0.001605025,15.164657731266017,253.85670553685577,403.6119066023474,0.0266262365918217,5165,33,3.249791,2,0.55677935,147697618,flare_variable
0.0123677840004452,0.5300676,0.0039523999999999,-6.8108889559875,312.0553216730827,16.061571973939603,0.4454028609364772,5629,183,0.0502793999999999,5,0.4797882,149951723,variable_star
0.0073933969055324,0.60173143,0.0009110999999999,-40.55683988844034,2684.290991873227,305.169870198484,0.0806722758105844,6699,24,0.1041815999999999,8,0.4975498299999999,149951742,flare_variable
0.0072664454632004,0.5353203,0.0008181,-38.979733709234985,2484.624410677636,15.858003677019674,0.0554842130532293,7800,4,0.0484529,8,0.4868673999999999,149951788,quiet_star
0.1146376116361605,8.4520230073,0.0009670999999999,42.30565177812283,2280.2546642142293,17.695684939504407,0.0018328655020011,8992,14,7.457948,12,0.9940750073,149952990,variable_star
0.2010263139026907,13.9021444,0.0019554999999999,47.63125516022083,2840.907957163263,110.72534613328688,0.0672126869057611,5384,31,13.138195,1,0.7639494,149968469,flare_variable
1.5802667640228525,184.0980960374,0.0016621999999999,91.72443830012458,9504.051808352728,101.29584061750572,0.0010135190861615,10781,9,183.09892,0,0.0,149968627,quiet_star
0.0369232751260151,0.56765945,0.02268475,-0.8169112136690433,4.066786546907073,1.0361877575110123,0.4817895724125242,4293,0,0.0,8,0.49491465,149969713,variable_star
0.1012578109415383,10.43183945811,0.0013401499999999,47.233718542508846,3897.5666556992874,67.43888609955292,0.0039834501619341,10826,4,9.432026,58,0.99981345811,152802579,variable_star
0.1150950374910034,7.7152945854,0.0021008,36.240464901820985,1797.84135072819,0.2823399958239717,0.0028462194246866,3838,2,6.7160683,9,0.9992262854,152821936,quiet_star
0.1291115810898818,7.38996449057,0.00087839,10.706919279452116,770.5430159841437,305.1682142648043,0.0412155610057866,3691,2,6.3902287,59,0.99973579057,152821992,variable_star
0.4753773633895552,34.1996854471,0.00125664,54.57509485550848,3349.3834173557652,0.4630091948257319,0.0014738289087318,3645,5,33.20067,0,0.0,152824458,quiet_star
0.6502744407463978,46.7418720184,0.0013620499999999,52.483600560778534,3151.53468436305,305.16823553601427,0.0043298443171519,3550,8,45.74302,0,0.0,152827208,quiet_star
0.0859694517993439,2.4129369868999997,0.0017285,-9.897448639212197,116.06488256317807,305.1682333012361,0.0422852698147704,3498,2,1.4134821999999998,36,0.9994547869,152829505,variable_star
0.0568650007912966,5.031706978,0.0011000799999999,22.497705331160105,1600.527192774386,14.154080076989096,0.105489955573863,8377,223,4.056635,13,0.975071978,173107765,flare_variable
0.3279715347151053,41.995634415,0.00209683,88.53004002630443,10160.406072596594,13.358068635326612,0.0150915519847314,7024,11,41.054874,0,0.0,173146703,quiet_star
0.1011134743152193,7.6279876945,0.001631,25.98092453182092,1291.1596118164691,14.1540799414789,0.0625490842174334,9338,163,6.632247,13,0.9957406945,173164452,flare_variable
0.0308920478100374,3.6032086465,0.0011627999999999,19.160785336646345,2555.9822027889845,5.326377477216803,0.0022031190581765,7487,7,2.6088927,16,0.9943159465,173165274,variable_star
0.1282088044614807,1.816023455,0.0023052999999999,-3.665918021785864,34.45777925551304,14.702586091895016,0.0388027623457752,4306,48,0.8175821000000001,59,0.998441355,176942039,flare_variable
0.0128952594884711,0.8627707600000001,0.0024264,-3.968088224984911,435.7672959141795,121.47540090514632,0.0751404452973112,7331,92,0.3766084,18,0.48616236,262933775,flare_variable
0.0126320685517585,0.7440950999999999,0.0020169199999999,-5.161971947200734,263.04752608104616,403.61180781625194,0.0800851354389823,8004,161,0.2710703999999999,45,0.4730246999999999,262933844,flare_variable
0.0938477357597205,3.61615915,0.0031419999999999,7.5884948850266625,112.80099843883286,16.484801792815997,0.2306531748389755,4618,109,3.1195592999999997,1,0.4965998499999999,262934195,flare_variable
0.2298043169756551,22.0310620682,0.0017329,72.00570004262963,6120.2245047952965,0.459337647089553,0.001080583122598,3479,3,21.03165,29,0.9994120682,277226501,variable_star
0.0279979468060699,3.0605581496,0.0012867,30.78780739026408,2647.9708949034502,83.52462765599019,0.0016620362440038,7575,10,2.0650032,12,0.9955549496,281884571,variable_star
0.0479194272831706,5.262672325,0.0011083999999999,39.26755096041427,3863.897813558138,0.1552343755510628,0.0009036899008826,6948,10,4.268253,17,0.994419325,281885450,variable_star
0.0217310898531587,2.5177138823,0.00143787,-6.079040801896223,2319.7801901758885,14.422658672175404,0.0009384100544327,10702,11,1.5207121,15,0.9970017823,281886418,variable_star
0.0535642839252293,5.798895806999999,0.0018382849999999,40.81893295561963,3960.4167444855866,176.76142046955317,0.000986082212437,4912,12,4.803868,17,0.995027807,281906534,variable_star
0.23902814393589,12.64161206,0.003121225,32.44892643893605,1223.225926145118,361.94004149394175,0.0276772709312275,3318,7,11.828266,1,0.81334606,281907544,quiet_star
0.0394541187735619,1.8137932824,0.0005835,-20.28356877286106,489.6230937223471,690.9764359721823,0.0219094984858587,6655,3,0.8148664000000001,26,0.9989268824,281907813,variable_star
0.0752712633390867,1.2624883849,0.0035439,-12.025632096420331,148.21506558003708,0.0034725715359554,0.0174527846775543,1143,1,0.2631756999999999,17,0.9993126849,281907937,variable_star
0.0592085521262147,4.1175524922,0.0019097,32.967476779702714,1460.0154629465096,143.41020803732232,0.0188870449462957,6426,11,3.1189795,11,0.9985729922,281910007,variable_star
0.0906857386280221,2.6660649593,0.0016574999999999,-3.2801799752898817,115.39280000124084,0.0034743400702487,0.0061223062325742,1784,8,1.6733606,28,0.9927043593,281929681,variable_star
0.5619392638566589,69.36919278170001,0.0029535,105.89332583929244,12648.444845727876,13.597031555511997,0.0098783931455713,4987,6,68.36991,0,0.0,281929720,quiet_star
0.0262022431294682,2.0389162,0.0008741499999999,-12.746152357496744,756.2462001520418,138.49362611535875,0.0187778663279264,6414,2,1.073639,30,0.9652772,281930003,variable_star
0.0668847202237797,5.0300337,0.0011566999999998,41.97609112956745,2163.004253827944,143.41020721514167,0.0097477956220784,7969,13,4.0839777,8,0.946056,301628336,quiet_star
0.0579075101628195,6.011622654,0.001843075,74.31736728166887,6166.674184837841,15.07220160568613,0.0012449684188809,4386,3,5.0254154,6,0.986207254,301628517,quiet_star
0.1121975078624875,5.12635456993,0.0032710999999999,4.686045192111475,210.36169948032872,14.034726938030728,0.1141677074297144,11055,30,4.1264925,291,0.99986206993,325253026,flare_variable
0.1794916532631512,16.19856067,0.0022625999999998,46.73778553323495,3479.19344016897,53.15203271714664,0.0120087818362707,4070,22,15.633518,1,0.56504267,325254297,flare_variable
0.0401629524896414,3.2488204989,0.0016419,5.435483619403785,1078.9972612024242,143.4102028598818,0.0025538535370908,4949,10,2.249174,11,0.9996464989,325274571,variable_star
0.055118986193926,4.384961409,0.00133795,10.744395349180834,581.0563448640455,14.15407941102992,0.1246289666907662,10594,254,3.392518,10,0.992443409,325314611,flare_variable
0.1839016706352443,29.551701184,0.0015072,145.4115052873099,22443.63140431747,12.992719064526964,0.0003322382137838,6820,4,28.610909,4,0.940792184,325314625,quiet_star
0.0309339158998938,4.240583788,0.0019568,40.23290342581856,5374.281323071687,0.0139257439798574,0.0004396000229562,9255,11,3.2537794,10,0.986804388,337749805,variable_star
0.0426335456234997,3.325540019,0.0006739999999999,45.77506323021458,2584.7677428036195,110.72476143128344,0.0053463752105598,8347,2,2.3273344,5,0.998205619,349446059,quiet_star
0.2102295804272976,19.576947383426,0.0014912499999999,70.1222208417595,5592.759562264316,403.609646207541,0.0040123396683893,6076,3,18.577063,3,0.999884383426,349456527,quiet_star
0.5598730776871627,60.6609481164,0.0020565699999999,84.56587454403557,8267.829144875133,0.3936416251130781,0.0007874435121384,4897,4,59.663548,0,0.0,349457896,quiet_star
1.1218988284586646,83.232617405,0.0033253249999999,59.381950355861235,3904.2902124742263,305.1681334023049,0.0084946855955895,3605,14,82.23934,0,0.0,35010028,quiet_star
0.0119719112224806,0.5214702,0.0005622,-35.145007939855724,1399.2279234412435,0.0034734104625469,0.0278027730633225,2113,0,0.0,2,0.4889890999999999,35010505,quiet_star
0.0113605926171745,0.5007993,0.0006014999999999,-41.01900834754764,1708.674342228215,0.0034726103428837,0.0040639769838681,2501,0,0.0,2,0.4877694999999999,35010589,quiet_star
0.0094970425881721,0.5711170000000001,0.0016821199999999,-39.506320894691214,2003.536755304434,0.0017362944290667,0.0235672612342387,3089,7,0.0756475,11,0.4954695,35016665,variable_star
0.0858385690032201,1.325809,0.0009304000000001,5.90296929065163,39.895207215514866,0.0034734116155143,0.1224400008839428,755,17,0.8083134999999999,2,0.5174955,35019584,quiet_star
0.1033322010415621,1.7778746399999998,0.0010615199999999,8.617596119714667,82.48487544811164,0.001736494035706,0.0892999626545252,1648,27,1.2558982,2,0.52197644,35020546,flare_variable
1.6300169515136649,138.62090675353,0.0013848999999999,56.55421534837898,3996.0525918752473,305.1681435324188,0.0063701913168309,4766,5,137.62115,0,0.0,35021058,quiet_star
0.020265829516138,0.86249265,0.0012997999999999,3.2356028010958666,198.84562187166745,0.0017364721748172,0.0800180599598218,1622,35,0.3608542999999999,2,0.50163835,35028471,flare_variable
0.0289238066507165,2.7554330875,0.0014728299999999,-15.527328178584195,1237.1415875130467,6.649816977223439,0.0015346516348657,9667,5,1.7581701,19,0.9972629875,350475239,variable_star
0.1933913367756189,19.1220855178,0.0014469,63.65801001931343,5843.22620162224,403.6094561018782,0.0070635830603738,4436,22,18.122793,24,0.9992925178,35062784,flare_variable
0.0112532909258935,0.4891706400000001,0.0005132000000001,-41.624772340576406,1742.3846560105806,0.0034742114389078,0.0026666957528706,3129,0,0.0,2,0.48575544,35062897,quiet_star
0.017947243456021,0.53037993,0.0018629,-14.230977639070735,325.5795581715688,0.003470833288966,0.0682205840452324,1188,0,0.0,28,0.49173373,35062961,variable_star
0.013059451884122,0.5842310000000001,0.0011597999999999,-25.251186011211185,951.449906326631,0.0034733220690143,0.0309197679088875,1464,11,0.1122239,2,0.4720071,35088534,quiet_star
0.2181189426751489,2.7165831000000003,0.0012299,5.514608236607875,33.68170678976425,0.0034734109229759,0.1525791646284811,990,9,2.2027445,0,0.0,35091182,quiet_star
0.0451008726093537,2.43943513144,0.00076514,-10.590593026606738,383.50418691580535,0.0034743444466348,0.0035735038684866,3649,7,1.4402144,16,0.99922073144,363574007,variable_star
0.0032956935602317,1.023091942071915,0.0013158917427064,-69.19873171364387,12891.44129630553,4.011989682624898,0.0816068895619855,64088,15,0.3295966386795044,9,0.6934953033924103,366659915,quiet_star
0.0160680818663751,1.97733606,0.0010175499999999,-11.65867063785902,2252.870805519148,170.70144626254566,0.0027204174531172,6884,2,1.0298672,11,0.94746886,366660744,variable_star
0.0338290271994996,4.2250888515,0.0019935299999999,27.408048080582983,3649.536227003716,4.172917673753695,0.0008934414451992,7806,4,3.2271146999999996,9,0.9979741515,366681600,quiet_star
0.0044794235081806,0.0568320000000001,0.00262684,0.2483593753291065,2.601646127624358,0.0011576114630396,0.0110969947824457,4060,75,0.0333638,54,0.0234682,366683035,flare_variable
0.0164523175855614,1.523682179,0.00095505,-39.45271217064124,2367.0905029987725,138.49362613924262,0.003816751857456,7527,5,0.5419189,8,0.981763279,366697134,quiet_star
0.0267254784045468,2.2799803489999997,0.0018357599999999,-5.883370801793578,1114.534180672288,349.53153256180315,0.0022510209609754,4203,7,1.2804433999999998,8,0.999536949,366698806,quiet_star
0.0134117043661749,0.8099463199999999,0.0020234,-3.7404037618631296,446.5264421589813,17.163187070210856,0.0490994500110077,5763,60,0.2690836999999999,17,0.54086262,366711151,flare_variable
0.0145473355876278,0.7711805,0.0026123999999999,-3.249287243025184,227.41354582668225,16.355508818712146,0.0787866082921653,5800,23,0.3041902000000001,75,0.4669902999999999,366721504,flare_variable
0.0122389631040154,0.4978575399999999,0.0007807499999999,-33.3313584859695,1272.526283513577,0.0034707434871548,0.0143008739679338,1720,0,0.0,13,0.4887916399999999,366722161,variable_star
0.0799314234403913,2.01165775,0.00159997,11.373113939375733,146.12792230781207,150.7465592738546,0.0633515864414893,3777,26,1.343994,2,0.66766375,366723100,flare_variable
0.1037609208736449,1.8251088,0.0084846999999999,-3.8222308183260063,18.373161490681117,305.16986073401034,0.236271935575645,4387,1,0.9238919,215,0.9012169,366740946,variable_star
0.080132976324607,13.05837650032,0.0019294999999999,130.3621539059883,19503.497578692302,0.2374611681191473,0.000281839597286,7905,2,12.058568,8,0.99980850032,376784892,quiet_star
0.030727833643681,5.53724839,0.001539475,126.96637570569622,19361.475337169773,13.928201444460866,0.0008565349517274,10885,2,4.616088,10,0.92116039,376786621,variable_star
0.1786930560811491,13.7500408235,0.0022256,37.63731777006487,2111.8544356755588,349.5315317130495,0.0393632367653656,3542,21,12.754939,6,0.9951018235,376786973,flare_variable
0.254110843302924,32.47847769,0.0017763999999999,105.14092568952802,11894.12865330535,61.68203501081789,0.0008886605577623,6195,5,31.529705,1,0.94877269,376787010,quiet_star
0.181862991588723,21.80628777,0.0019506699999999,110.28212859626537,12631.94577763581,349.53153167689686,0.0023359242632483,4256,3,20.99804,1,0.80824777,376787460,quiet_star
0.0463950704752747,1.990897682,0.0336551749999999,-0.8568098587987472,53.919644937614066,0.2007867758246055,0.6307864934031892,9934,94,1.0041459,6,0.986751782,376787680,variable_star
0.0226786440011771,1.04878873,0.0010586999999999,-20.42141237784561,731.6375009674179,13.875542834021154,0.1136031138356576,8431,1,0.0642719,181,0.98451683,376787979,variable_star
0.4964996642248158,5.05756825,0.0018895999999999,6.276323191438903,40.570018686091586,0.0034734114907061,0.0998098510701311,727,19,4.5438585,0,0.0,376788286,quiet_star
0.0106591499679095,0.56373404,0.0008122299999999,-39.2370289772697,1927.8383854948536,0.0017367167051915,0.0090655971841685,2866,0,0.0,25,0.54997814,376812733,variable_star
0.0171888636031885,0.9985708567,0.0004083999999999,-53.61091125800139,2936.9393764101164,170.7014454848938,0.004006560933594,6074,0,0.0,4,0.9950793567,376813729,quiet_star
0.009452954906344,0.6891174,0.0003249999999999,1.555735389587633,672.0843535278684,0.0006945144627699,0.0575699744858897,7427,28,0.2124218,2,0.4766956,376850415,flare_variable
0.3642213299646215,43.89719543,0.00309785,116.92178314400964,13795.973840834087,16.061623972787206,0.0003324011753126,4602,3,43.013973,0,0.0,376851258,quiet_star
1.194042322572913,67.532965753,0.0025108999999999,51.29656412780969,2830.486542927092,0.0034733218825851,0.0072055857808011,1271,3,66.55422,0,0.0,376851794,quiet_star
0.0107325105040751,0.6235363,0.0006971999999999,-24.179731710773105,1212.642024346959,0.001736294230591,0.040377248817076,2411,19,0.128406,6,0.4951303,376852649,quiet_star
7.415214539301724,326.32073984100003,0.005051,30.800161268159048,1175.1973532025086,0.0034726103123774,0.0200239464444401,415,3,325.33017,0,0.0,376865440,quiet_star
0.0359236074775258,0.843896753122065,0.0016075699678486,4.829079761498148,61.859307181880226,0.0034733214848521,0.1110972528346071,776,9,0.3649867727002647,2,0.4789099804218003,376876566,quiet_star
0.0239820964173652,1.325726178,0.0013229499999999,-19.042070936757685,688.6788957524979,305.16982054942923,0.006747666950703,5853,7,0.3596102000000001,17,0.966115978,376886008,variable_star
0.0130720925474659,0.5620116218994188,0.0009365499531724,-24.63367194834053,810.9658122163955,0.0034516717786588,0.0080928735882318,1131,3,0.0870964456451777,13,0.474915176254241,376886844,variable_star
0.0795467677336251,6.7095750604,0.00084364,39.67031874992145,2553.836905856918,17.695685169453373,0.0095795787846248,4559,23,5.710673,13,0.9989020604,377169488,flare_variable
0.4353045309103818,47.5432148107,0.0050643499999999,81.86994715601874,7921.690703480701,9.507727366585014,0.0007591632895648,3807,10,46.5489,0,0.0,377169533,quiet_star
0.019768145369792,0.910415,0.0020253999999999,-21.876873775385313,652.6043385738892,16.061574972886277,0.0121608919718091,7853,16,0.1559577999999999,9,0.7544572,377170285,quiet_star
0.3230318518304553,30.038735511,0.00195056,47.77211053464141,3808.356439100161,14.337973070316105,0.0116611323233692,2717,34,29.042683,17,0.996052511,377171333,flare_variable
0.023146465338954,1.22408117,0.0036488,-13.676918159920952,496.18921459820257,19.27884056865925,0.0120820249316426,7780,12,0.4046948999999999,20,0.81938627,377172242,variable_star
0.0750430840720577,5.680648898299999,0.0009806999999999,11.484243706129847,1046.4554203248572,367.4457132986696,0.0143164548916901,3108,17,4.682382,35,0.9982668983,377227927,variable_star
0.2533350810570668,25.33053138,0.0014842999999999,76.29216762399842,6556.640196161883,94.16950629123588,0.0026191701386303,5377,5,24.361588,2,0.96894338,377229529,quiet_star
0.0149014520431488,1.099214,0.00172037,7.030634738764676,593.1599574382427,305.16991958197707,0.0178464636995424,8712,25,0.6045445,26,0.4946695,377231460,flare_variable
0.0350780054596709,3.87706671,0.0017333999999999,20.10986798155803,2732.2142312520746,16.95903355615078,0.0104544637399947,12066,15,2.8840997,11,0.99296701,377249246,variable_star
0.0075874027212085,0.53001054,0.0009282999999999,-35.70745807923825,2241.634051775052,305.1699495863263,0.0850671323556446,8257,61,0.0415227,12,0.48848784,377249503,flare_variable
0.0653419686761055,1.9093375,0.0015313999999999,5.3281560895841205,62.80124145118427,16.061578328952276,0.3196235448609946,5805,130,1.441102,3,0.4682355,377261957,variable_star
0.0183082191056946,0.9019233,0.0022415,-18.530884240373755,574.4778550781826,17.450444530829007,0.0601211051034799,7628,16,0.1715379999999999,23,0.7303853,377262134,variable_star
0.028404303126611,2.5241708615,0.0010266999999999,-12.923896409056391,1089.1503647595116,46.06509856492208,0.0019729409045063,6815,2,1.5244846,15,0.9996862615,380154639,variable_star
65.2254985722862,10497.52800843,0.0021035,160.91492265175543,25891.741286781267,349.53153187976505,0.0007862455131869,12344,1,10496.62,0,0.0,380165620,quiet_star
474.8049982911935,76379.59761603,0.0021474,160.85081004715545,25870.9887385374,349.53153187877604,0.0007957781368006,16105,1,76378.69,0,0.0,380165622,quiet_star
0.0993248896744299,12.39514123,0.0054929999999999,97.89229689069968,10732.476984310768,13.597032453565667,0.0081979223759513,7369,6,11.469617,4,0.92552423,380542756,quiet_star
0.0249058077822436,3.080279544,0.00084988,28.36206405486553,3537.843290209907,15.54343766448965,0.0052521551788877,6908,6,2.1704254,15,0.909854144,380545064,variable_star
0.0268394517578872,1.782359508,0.0007371,-25.39122415922613,959.0851390686772,13.744558603094829,0.0283643949178411,7284,6,0.7840043999999999,16,0.998355108,380546964,variable_star
0.0161969077510915,1.0413126229999998,0.0005299,-47.07661165728128,2430.610758643574,96.21191450322864,0.0024329915275487,6876,1,0.0548097999999999,12,0.986502823,380574362,variable_star
0.1256747167193065,14.1250347209,0.00110805,85.65558277403885,8966.354935922094,0.0034725729520199,0.0007482867583552,4994,6,13.128151,18,0.9968837209,380576437,variable_star
0.0547870724857377,5.7885708272,0.0014274999999999,15.77232344398914,2451.382019744544,143.92474850714325,0.0069367995093587,5449,7,4.788773,23,0.9997978272,380642059,variable_star
0.3251558246531114,31.22804669132,0.0014115599999999,73.60256229229688,6009.106691480544,100.55016677665355,0.001037871787706,3766,8,30.228182,40,0.99986469132,380642118,variable_star
0.0427266798366066,1.99731455,0.0304573,1.7646511472457045,71.29106022919444,12.092524174844096,0.5516953343797123,7177,1,1.4070077,5,0.5903068499999999,380668425,variable_star
0.1932408191187553,7.70196747,0.0077049999999999,19.511841489670232,597.4341167193915,16.0615788750282,0.1766561616858544,4462,19,7.19238,0,0.0,388917185,quiet_star
0.1045355873993115,2.9490382499999996,0.0015141999999999,15.414949560571932,279.34073965572406,171.39685806132556,0.0434372454119189,3542,20,2.4275613,3,0.52147695,388925056,flare_variable
0.0332455984482655,4.340645955,0.0028178999999999,27.80239479864812,4297.578322154907,14.422658169001656,0.0046969415496094,7825,12,3.353363,14,0.987282955,396947690,variable_star
0.054618427813127,5.93708966885,0.0015071799999999,46.529668390289935,3881.156255417466,14.82861044139169,0.0057106356458885,5199,5,4.93797,15,0.99911966885,396949397,variable_star
0.087437730769606,4.3841670237,0.0012742999999999,10.86663014984224,516.0400511315629,6.908123563317035,0.0016430523153801,3686,9,3.3859152999999997,28,0.9982517237,396956082,variable_star
0.2433745759348473,38.525776921,0.0012365999999999,121.11538777485032,17777.08804080419,143.41020974351557,0.0042996367657093,6505,15,37.52806,9,0.997716921,396972684,quiet_star
0.0349403234712975,1.3801641754,0.0011442,-4.206175048465125,149.91226581293333,14.034726941922868,0.1558214536846404,6802,243,0.3836257,8,0.9965384754,397013579,flare_variable
0.0240280030474841,2.2973813402,0.0006855999999999,-3.820974189054703,1303.2480202135607,6.740277474410121,0.0015652495541819,6489,5,1.2985644,20,0.9988169402,397025502,variable_star
0.2883483913683776,26.704127462,0.00178115,78.87908022245833,6554.047403586141,1.098600616357074,0.0008613628477358,3535,1,25.744501,3,0.959626462,397027857,quiet_star
0.2728272001665129,23.384637100000003,0.0011548999999999,66.17749020216216,4803.722276256443,305.16981007638606,0.0031468729478207,4261,4,22.90161,0,0.0,397051786,quiet_star
0.1928304532343348,15.31500131,0.0028932999999999,64.32328550874249,4471.400199233032,1.002802144512237,0.0012457349585555,3798,5,14.523839,2,0.79116231,397051818,quiet_star
0.3143514106277358,22.72406057,0.00236124,56.489348293063905,3373.060543798599,305.16982768621455,0.0025948240900613,6260,4,21.832989,0,0.0,397053650,quiet_star
0.0081816057984235,0.5683082000000002,0.0006332,-38.32302668944017,2505.277362814355,305.1698916676411,0.106846673623237,5887,20,0.0273312000000001,6,0.540977,397056703,flare_variable
0.0071407192568719,0.55444605,0.0006409,-33.669006657545374,2329.5570505659484,110.7253431139854,0.1431218357628934,8337,157,0.0637522999999999,9,0.49069375,397057078,flare_variable
0.0707644163232743,8.011942517702874,0.0234262988286848,77.9332907333414,7365.861604834372,0.0544668588529983,0.1247815529364182,18909,2,7.01775359911232,4,0.994188918590554,397057148,quiet_star
0.0312136909461981,4.620809934,0.0006444000000001,50.31828008813972,7491.854350347966,77.26486487719711,0.0022066762119743,4053,2,3.641832,8,0.978977934,397433121,quiet_star
0.2315444841224206,24.575287033,0.0012902999999999,77.87194061515663,6965.556702755447,116.51051036303534,0.0056848021062886,3035,11,23.577452,4,0.997835033,397479456,quiet_star
0.0493060689953192,3.2428484147145484,0.0012720799618373,15.259742007546334,897.7583134686942,0.1770858881993136,0.0019839528043133,1965,9,2.2645489020635337,11,0.9782995126510148,397559029,variable_star
0.246944740080727,20.88802693306522,0.0010844499999999,66.9964703288519,5393.088025393929,188.5967897919488,0.0019871749041191,5529,7,19.888027,17,0.99999993306522,397559186,variable_star
0.1569002539509768,12.30152558467,0.0006889099999999,53.07204841075506,3526.918377502055,0.3794466166535001,0.0013788481317367,9278,11,11.30191,21,0.99961558467,412130750,variable_star
0.7920272617912584,82.2787582014,0.0020064499999999,78.87839154529159,6951.916468841721,349.53153118678597,0.0104763826624442,5650,7,81.28551,0,0.0,421192923,quiet_star
0.0087153878929743,0.5467831000000001,0.00071765,-50.10419361908996,2780.253900400879,0.0017221849487305,0.0016907527160993,3530,7,0.0481145,4,0.4986686,421193239,quiet_star
0.0087698083627529,0.53593347,0.00088845,-49.52861347895299,2732.4825189924213,0.0017364715601994,0.0114278105568544,3390,11,0.0434187999999999,3,0.49251467,421193432,quiet_star
0.0052378770711469,0.5123395000000001,0.0014444799999999,-64.22539235881484,5736.826708799198,0.0006945140967938,0.0047381797676296,9353,7,0.0250288,29,0.4873107,421193626,variable_star
0.0116809510750497,0.5306811999999999,0.0008916000000001,-38.500325199538686,1572.582722049532,0.0034734101041248,0.0067069084936589,1954,1,0.0395878999999999,3,0.4910932999999999,421193922,quiet_star
0.114754330692609,8.09119862,0.0020925,42.02186352730489,2030.2565027175235,349.53153117495106,0.0104516344259622,3691,6,7.226017000000001,7,0.86518162,446671796,quiet_star
0.1187694986507092,1.7870631,0.00121853,7.2389566889933725,57.35955754833747,0.0017364937783174,0.1123285337550597,1601,21,1.2862036,2,0.5008595,446673665,flare_variable
0.0120764714842646,0.5515877,0.00085354,-39.02237447536141,1606.672030256392,0.0034734997399066,0.0031623624588032,2009,0,0.0,2,0.5232098000000001,446673895,quiet_star
0.848482298496683,62.386370132,0.0992111299999999,25.228267349483396,1603.5213098116062,87.15960268264514,0.1073619462296423,6394,216,61.41453,0,0.0,471011765,flare_variable
0.0597861573227866,6.91150786,0.00055057,86.21144008757724,8616.775014028788,30.0424540491374,0.0006027163274491,6354,3,6.1018305,15,0.80967736,49417695,variable_star
1.1357546860566932,168.610987413,0.0012665,132.02921350163518,18805.41828853327,63.87176963992298,0.0008051332234256,5644,5,167.62732,0,0.0,49418514,quiet_star
55.7637675496829,8369.833236181,0.00064888,150.06326287720142,22516.988592115667,349.5315322776207,0.0012425028871064,14587,1,8368.839,0,0.0,49430090,quiet_star
0.0164697752114289,1.998191311,0.00114927,-16.624271032788318,2012.6759769584264,5.802499745948729,0.0026691909234726,7006,6,1.0203009,10,0.977890411,49453107,variable_star
0.1196511362396942,13.56836700655,0.0019888999999999,84.13862689462624,8691.492683393399,0.6092937804448095,0.0006326692866941,3815,5,12.568921,13,0.99944600655,49462876,variable_star
0.0200737775765535,1.339171979,0.0006416,-41.654064074730634,1877.9999613473235,349.53153221154696,0.0146734754882681,6136,3,0.3501635,9,0.989008479,49464162,quiet_star
0.2540461605727042,24.480102664,0.0022516999999999,74.70488391330258,6288.0310874286415,349.5315319623809,0.0057299106820731,3815,6,23.565815,4,0.914287664,49464291,quiet_star
0.060781243079376,1.9129511,0.0319722999999999,1.4790988329186494,35.36207627695994,6.654725464727611,0.4032348074605756,7594,10,1.4402912,4,0.4726599,49503072,variable_star
0.244579449805432,24.0158201985,0.0145801999999999,65.40492844843851,5167.671979139541,1.195271481327742,0.0279743881721207,7166,7,23.017115,4,0.9987051985,49504164,quiet_star
0.2122221771093513,19.55100829926,0.0016940999999999,80.75411075398222,7034.524481500215,0.1419725226405798,0.0007379527364768,4617,3,18.551151,11,0.99985729926,56759890,variable_star
0.5037883343193174,39.0514398521,0.0020430999999999,61.53801519975802,4148.677778629267,0.3469647334118722,0.0008486930695238,4049,2,38.05243,0,0.0,56760934,quiet_star
0.2052639033355398,9.7938280239,0.00272255,17.977387812077488,502.97709429265245,305.1681772504151,0.0749873205370051,3563,27,8.796961,9,0.9968670239,56762947,flare_variable
0.1508797567664561,15.6064112764,0.0022592799999999,66.72463940112947,6569.341880761924,305.1682070478709,0.0056911005530996,3699,4,14.612611,31,0.9938002764,56763829,variable_star
0.3613505322611886,64.2109448704,0.00262,166.11590512414517,29042.35261841871,0.6890949159067981,0.0003804296322965,10081,8,63.21272,0,0.0,56772673,quiet_star
0.0476830269403355,1.328546975,0.00165665,-9.475980799731934,166.0057328557896,403.6117656713565,0.0785715713857945,4292,26,0.3653287,27,0.963218275,56810374,flare_variable
0.1088271466712687,1.83604624452,0.0021556,-1.9134703674145248,34.07148948684655,14.877406038400732,0.1194244718267111,4536,153,0.8363076,31,0.99973864452,56811411,flare_variable
0.2800591163706655,23.3975123537,0.0016525999999998,69.97113183461627,5147.981333924794,305.1682397641276,0.0019756028933024,5987,2,22.40445,1,0.9930623537,56812140,quiet_star
0.210953879829178,26.994243626,0.0013136,98.60764406919716,11100.764102260704,349.5315318796977,0.0037028952515175,5960,4,26.000084,5,0.994159626,62940822,quiet_star
0.0170200305645362,1.3267978562,0.0010575499999999,-30.725374159527963,1297.882115151104,349.5315323415077,0.0156983416156201,6262,7,0.3278844000000001,12,0.9989134562,62941422,variable_star
0.3802499137544629,59.997649683,0.0015202999999999,146.1153459497128,22459.8992052134,349.5315312855274,0.0014607348642787,6790,6,59.03053,0,0.0,62964949,quiet_star
0.1418149646304068,10.01808221597,0.00229615,26.417543489159304,1433.3432643007943,16.061489388874996,0.1898314434358858,4603,19,9.018852,7,0.99923021597,66603888,quiet_star
0.0166049514968499,0.74237874,0.0017831999999999,1.9407578694167855,136.57530325411315,403.6118384412848,0.1127948404791149,7004,145,0.2553778,16,0.48700094,66628887,flare_variable
0.0402602090239716,1.120372304762,0.0017941499999999,-23.83690028892235,574.0732863057025,305.16826064520757,0.0082336373906107,4228,1,0.1204244000000001,8,0.999947904762,66629263,quiet_star
0.2143885239452734,11.34876282,0.00431755,36.12819983299672,1571.7800844252922,16.27035139597985,0.0452593378507421,3868,6,10.36347,3,0.98529282,66671319,quiet_star
0.0525503164488857,1.2250873706,0.00163662,-16.751068068566912,293.08227135022736,305.16829095062945,0.0161099248739663,3885,2,0.2263842,15,0.9987031706,66671454,variable_star
0.0748697026815498,10.224259686,0.0012027599999999,92.76876211719106,10935.08659470545,14.477637404745318,0.017121835147731,6818,4,9.257716,10,0.966543686,78272475,variable_star
0.209489468118582,19.1997430577,0.0022432999999999,74.89665686405327,6046.319557040873,349.53153161921887,0.0029339629926108,3801,7,18.202717,6,0.9970260577,78273858,quiet_star
0.0121318377733849,0.52784383,0.0012919,-34.4609346646561,1347.547747597302,0.0034829535845728,0.0026141934992573,1740,2,0.0383866999999999,9,0.48945713,78289427,quiet_star
0.0160545338648137,0.6361507,0.0009718999999999,-10.486715411303,440.430025484908,0.0034726657790118,0.0605616955490411,422,2,0.1716832999999999,3,0.4644674,78289496,quiet_star
0.0186147922535308,1.6947004805,0.0009828,-37.988431505892976,1958.958581983985,100.55016670843474,0.0060180794551999,7977,1,0.7027669000000001,8,0.9919335805,78290719,quiet_star
0.0939045482180654,9.18539993,0.0017409499999999,75.5483371829033,6201.714924880699,349.53153192677877,0.0049817619561535,3874,4,8.324826,4,0.8605739299999999,78311593,quiet_star
0.0093742585578612,1.2807356184,0.0005508999999999,-74.8764117294387,7056.192244485354,1.4526345117641215,0.0008569404321689,15908,21,0.2842527999999999,6,0.9964828184,81988659,flare_variable
0.0152985744024178,1.238832425,0.0006804999999999,-40.78616582414768,2503.698019737627,349.531531845581,0.0011206374027143,6695,9,0.2690599,9,0.969772525,82051519,quiet_star
0.0384511959477033,5.715677005,0.0009155499999999,86.41926819122124,10608.393526736212,349.5315321180158,0.0110175754165866,6419,15,4.7606497,9,0.955027305,82054003,quiet_star
0.1236264640620907,18.3728922637,0.0017668499999999,126.30592796008392,17427.81726799935,349.5315310596669,0.0014847060862558,6020,2,17.380028,6,0.9928642637,82054568,quiet_star
0.8850351535740668,101.60400488272,0.0035623,109.35317648898112,12404.163313034252,16.0614932066557,0.0042752529527669,3992,1,100.60447,0,0.0,94894689,quiet_star
1.7171440334478016,199.262625527606,0.0022649999999999,114.57083807326336,13222.09969894736,305.16837379502795,0.0002960020574066,4562,2,198.26265,0,0.0,94941091,quiet_star
0.0650219214243369,1.0660107,0.0052401499999999,-7.11099362039567,64.73773165492454,16.020450103900128,0.2011187458041226,5855,1,0.1919406999999999,69,0.87407,94942406,variable_star
0.8427310642939945,61.31320487,0.0013442599999999,61.07153252238261,3867.567580660382,305.1683410521723,0.0024007035265966,4928,3,60.494698,0,0.0,953230073,quiet_star
0.155871540035559,2.22290963,0.0007470999999998,6.29671518997767,43.32483923600649,0.0034734102592541,0.1058569486847414,927,21,1.5784820000000002,2,0.64442763,953309403,flare_variable
0.1928148712221698,2.38959212,0.0016929999999999,6.2141912064013445,40.12559951767579,0.0034734109424576,0.1034000092011113,832,11,1.8857548,0,0.0,953310411,quiet_star
0.0114894797356831,0.89651502,0.0024237,-35.28176078526448,2244.570764521071,15.427822206630845,0.0319374483655308,8012,25,0.1799911,29,0.71652392,953345605,flare_variable
0.0112850653653747,0.52158125,0.0008825,-38.61794599457705,1580.1122781869626,0.003473321868503,0.0034016011017317,1967,1,0.0390623999999999,3,0.48251885,96194410,quiet_star
0.3890365263479424,31.907309716,0.001108775,75.50808452852932,5936.804977563414,0.0017362946767383,0.0034550078073099,1832,2,30.980295,0,0.0,96195354,quiet_star
0.0421112749388546,1.356849489,0.0006559999999999,-18.149592879352667,390.9046778772478,0.0034726115298713,0.0117717264085065,971,3,0.3767818,5,0.980067689,96195395,quiet_star
0.0117029418272128,0.5119053,0.0014505,-31.180284781476267,1192.4881986103014,0.0034733225269289,0.017782985997097,1660,6,0.0590013,5,0.452904,96195643,quiet_star
0.0112638993371817,0.4961682999999999,0.0009344,-40.31632373709729,1672.013920037302,0.0034734108178095,0.0055228441081591,2484,0,0.0,2,0.4849861,96195963,quiet_star
0.4681731426438266,14.9439163985,0.0014336999999999,16.357761203738704,304.130010509105,305.1681798657693,0.0252322494034003,3686,17,13.945465,0,0.0,96244132,quiet_star
